COM_UNIT,POLLING DISTRICT
SM4 4NW,AA
KT4 8RF,AA
KT4 8NF,AA
KT4 8NH,AA
KT4 8NJ,AA
KT4 8NP,AA
KT4 8NQ,AA
KT4 8NR,AA
KT4 8HU,AA
KT4 8HW,AA
KT4 8HX,AA
KT4 8JA,AA
KT4 8JD,AA
KT4 8JE,AA
KT4 8JG,AA
KT4 8JH,AA
KT4 8JJ,AA
KT4 8JQ,AA
KT4 8LD,AA
KT4 8EE,AA
KT4 8EF,AA
KT4 8EJ,AA
KT4 8EQ,AA
KT4 8ER,AA
KT4 8FA,AA
KT4 8FB,AA
KT4 8FD,AA
KT4 8FE,AA
KT4 8FF,AA
KT4 8FG,AA
KT4 8GA,AA
KT4 8GB,AA
KT4 8GD,AA
KT4 8HF,AA
KT4 8HG,AA
KT4 8HH,AA
KT4 8HJ,AA
KT4 8HL,AA
KT4 8HN,AA
KT4 8HP,AA
KT4 8HQ,AA
KT4 8HT,AA
KT4 8AY,AA
KT4 8AZ,AA
KT4 8BA,AA
KT4 8BB,AA
KT4 8BD,AA
KT4 8BE,AA
KT4 8BF,AA
KT4 8BG,AA
KT4 8BH,AA
KT4 8BJ,AA
KT4 8BL,AA
KT4 8BN,AA
KT4 8BP,AA
KT4 8BQ,AA
KT4 8BS,AA
KT4 8BU,AA
KT4 8BW,AA
KT4 8BY,AA
KT4 8DF,AA
KT4 8DG,AA
KT4 8DJ,AA
KT4 8DL,AA
KT4 8DP,AA
KT4 8DQ,AA
KT4 8DR,AA
KT4 8DS,AA
KT4 8DU,AA
KT4 8DW,AA
KT4 8DY,AA
KT4 8AB,AA
KT4 8AD,AA
KT4 8AF,AA
KT4 8AG,AA
KT4 8AH,AA
KT4 8AJ,AA
KT4 8AL,AA
KT4 8AN,AA
KT4 8AP,AA
KT4 8AQ,AA
KT4 8AR,AA
KT4 8AS,AA
KT4 8AT,AA
KT4 8AU,AA
KT4 8AW,AA
KT4 8AX,AA
KT3 6NF,AA
KT3 6NG,AA
SM3 9AB,AB
SM3 9AE,AB
SM3 9AG,AB
SM3 9BZ,AB
SM3 9DF,AB
SM3 9AA,AB
SM3 8LE,AB
SM3 8HS,AB
SM3 8HW,AB
SM3 8JZ,AB
KT4 8XB,AB
KT4 8ST,AB
KT4 8SX,AB
KT4 8SY,AB
KT4 8SZ,AB
KT4 8TA,AB
KT4 8TB,AB
KT4 8TD,AB
KT4 8TE,AB
KT4 8TF,AB
KT4 8TG,AB
KT4 8TH,AB
KT4 8TJ,AB
KT4 8TL,AB
KT4 8TQ,AB
KT4 8TT,AB
KT4 8TW,AB
KT4 8UU,AB
KT4 8QJ,AB
KT4 8QP,AB
KT4 8QR,AB
KT4 8QS,AB
KT4 8QW,AB
KT4 8RP,AB
KT4 8RR,AB
KT4 8RS,AB
KT4 8RT,AB
KT4 8RU,AB
KT4 8RW,AB
KT4 8RX,AB
KT4 8RY,AB
KT4 8RZ,AB
KT4 8SA,AB
KT4 8SB,AB
KT4 8SD,AB
KT4 8SE,AB
KT4 8SF,AB
KT4 8SG,AB
KT4 8SH,AB
KT4 8SL,AB
KT4 8SQ,AB
KT4 8LY,AB
KT4 8LZ,AB
KT4 8NA,AB
KT4 8NB,AB
KT4 8ND,AB
KT4 8NE,AB
KT4 8NG,AB
KT4 8PE,AB
KT4 8PG,AB
KT4 8HX,AB
KT4 8HY,AB
KT4 8HZ,AB
KT4 8JB,AB
KT4 8JE,AB
KT4 8JF,AB
KT4 8JG,AB
KT4 8JH,AB
KT4 8JJ,AB
KT4 8JL,AB
KT4 8JN,AB
KT4 8JS,AB
KT4 8JT,AB
KT4 8JU,AB
KT4 8JW,AB
KT4 8JX,AB
KT4 8JY,AB
KT4 8JZ,AB
KT4 8LA,AB
KT4 8LB,AB
KT4 8LD,AB
KT4 8LE,AB
KT4 8LF,AB
KT4 8LG,AB
KT4 8LH,AB
KT4 8LJ,AB
KT4 8LQ,AB
KT4 8LS,AB
KT4 8LT,AB
KT4 8LU,AB
KT4 8LX,AB
KT4 8EB,AB
KT4 8EG,AB
KT4 8EH,AB
KT4 8GR,AB
KT4 8GT,AB
KT4 8HB,AB
KT4 8EA,AB
KT4 8AX,AB
SM4 4JZ,AC
SM4 4JX,AC
SM3 9HU,AC
SM3 9BG,AC
SM3 9BJ,AC
SM3 9BN,AC
SM3 9BX,AC
SM3 9BY,AC
SM3 9BZ,AC
SM3 9DF,AC
SM3 9DL,AC
SM3 9DR,AC
SM3 9DW,AC
SM3 9DX,AC
KT4 8PZ,AC
KT4 8QA,AC
KT4 8QB,AC
KT4 8QD,AC
KT4 8QE,AC
KT4 8QF,AC
KT4 8QG,AC
KT4 8QH,AC
KT4 8QL,AC
KT4 8QQ,AC
KT4 8RE,AC
KT4 8SD,AC
KT4 8SE,AC
KT4 8SQ,AC
KT4 8NE,AC
KT4 8NF,AC
KT4 8NH,AC
KT4 8NJ,AC
KT4 8NL,AC
KT4 8NN,AC
KT4 8NP,AC
KT4 8NQ,AC
KT4 8NR,AC
KT4 8NS,AC
KT4 8NT,AC
KT4 8NU,AC
KT4 8NW,AC
KT4 8NX,AC
KT4 8NY,AC
KT4 8NZ,AC
KT4 8PA,AC
KT4 8PB,AC
KT4 8PD,AC
KT4 8PE,AC
KT4 8PF,AC
KT4 8PG,AC
KT4 8PH,AC
KT4 8PJ,AC
KT4 8PL,AC
KT4 8PN,AC
KT4 8PP,AC
KT4 8PQ,AC
KT4 8PR,AC
KT4 8PS,AC
KT4 8PT,AC
KT4 8PU,AC
KT4 8PW,AC
KT4 8PX,AC
KT4 8PY,AC
KT4 8JL,AC
KT4 8JN,AC
KT4 8JW,AC
KT4 8LB,AC
KT4 8LD,AC
KT4 8LJ,AC
KT4 8LL,AC
KT4 8LN,AC
KT4 8LP,AC
KT4 8LW,AC
KT4 8GB,AC
KT4 8GR,AC
KT4 8HA,AC
KT4 8HB,AC
KT4 8HD,AC
KT4 8HE,AC
SM3 8JZ,BA
SM3 8JW,BA
SM3 8JN,BA
SM3 8JL,BA
SM3 8JH,BA
SM3 8HS,BA
KT4 8XX,BA
KT4 8XW,BA
KT4 8XQ,BA
KT4 8XJ,BA
KT4 8XG,BA
KT4 8XF,BA
KT4 8XE,BA
KT4 8XD,BA
KT4 8XB,BA
KT4 8XA,BA
KT4 8UZ,BA
KT4 8UY,BA
KT4 8UX,BA
KT4 8UU,BA
KT4 8UT,BA
KT4 8UR,BA
KT4 8UL,BA
KT4 8UJ,BA
KT4 8UH,BA
KT4 8TY,BA
KT4 8TX,BA
KT4 8TU,BA
KT4 8TQ,BA
KT4 8TL,BA
KT4 8TJ,BA
KT4 8TH,BA
KT4 8TF,BA
KT4 8TB,BA
KT4 8SZ,BA
KT4 8SY,BA
KT4 8SX,BA
KT4 8SW,BA
KT4 8SU,BA
KT4 8ST,BA
KT4 8SS,BA
KT4 8SR,BA
KT4 8SP,BA
KT4 8SN,BA
KT4 8SL,BA
KT4 8SH,BA
KT4 8SG,BA
KT4 8RW,BA
KT4 8RF,BA
KT4 8QW,BA
KT4 8QR,BA
KT4 8QP,BA
KT4 8QJ,BA
KT4 8HZ,BA
KT4 8HY,BA
KT4 8HX,BA
KT4 8HW,BA
KT4 8HU,BA
KT4 8HL,BA
KT4 8HH,BA
KT4 8HG,BA
KT4 8EZ,BA
KT4 8EY,BA
KT4 8EX,BA
KT4 8EW,BA
KT4 8EU,BA
KT4 8ET,BA
KT4 8ES,BA
KT4 8ER,BA
KT4 8EN,BA
KT4 8EL,BA
KT4 8EJ,BA
KT4 8EH,BA
KT4 8EG,BA
KT4 8EB,BA
KT4 8EA,BA
KT4 8DZ,BA
KT4 8DY,BA
KT4 8DX,BA
KT4 8DW,BA
KT4 8DU,BA
KT4 8DT,BA
KT4 8DS,BA
KT4 8DR,BA
KT4 8DP,BA
KT4 8AD,BA
KT4 7EN,BA
KT4 7AW,BA
KT4 7AU,BA
KT4 7AT,BA
KT4 7AJ,BA
KT4 7AH,BA
KT4 7AE,BA
KT4 7AB,BA
KT4 7AA,BA
KT4 7AD,BB
KT4 7AE,BB
KT4 7AU,BB
KT4 7AX,BB
KT4 7AY,BB
KT4 7AZ,BB
KT4 8EL,BB
KT4 8SW,BB
KT4 8TU,BB
KT4 8TX,BB
KT4 8TY,BB
KT4 8TZ,BB
KT4 8UA,BB
KT4 8UB,BB
KT4 8UD,BB
KT4 8UE,BB
KT4 8UF,BB
KT4 8UG,BB
KT4 8UH,BB
KT4 8UJ,BB
KT4 8UQ,BB
KT4 8UY,BB
KT4 8XE,BB
KT4 8XG,BB
KT4 8XP,BB
KT4 8XR,BB
KT4 8XS,BB
KT4 8XT,BB
KT4 8XU,BB
KT4 8XW,BB
KT4 8XX,BB
KT4 8XY,BB
KT4 8XZ,BB
KT4 8YA,BB
KT4 8YB,BB
KT4 8YD,BB
KT17 2DF,BB
KT17 2HQ,BB
KT17 2JH,BB
KT17 2JJ,BB
KT17 2JL,BB
KT17 2JN,BB
KT17 2JW,BB
KT17 2LF,BB
KT17 2LG,BB
KT17 2LN,BB
KT17 2LP,BB
KT17 2LR,BB
KT17 2LW,BB
SM3 8JH,BB
KT4 8TZ,BC
KT17 2DF,BC
SM3 8DT,BC
SM3 8DU,BC
SM3 8DW,BC
SM3 8DX,BC
SM3 8DZ,BC
SM3 8EA,BC
SM3 8EB,BC
SM3 8ED,BC
SM3 8EE,BC
SM3 8EF,BC
SM3 8EG,BC
SM3 8EJ,BC
SM3 8EL,BC
SM3 8EN,BC
SM3 8EP,BC
SM3 8EQ,BC
SM3 8ER,BC
SM3 8ES,BC
SM3 8ET,BC
SM3 8HA,BC
SM3 8HB,BC
SM3 8HD,BC
SM3 8HE,BC
SM3 8HF,BC
SM3 8HG,BC
SM3 8HH,BC
SM3 8HJ,BC
SM3 8HL,BC
SM3 8HQ,BC
SM3 8HS,BC
SM3 8HW,BC
SM3 8HX,BC
SM3 8JB,BC
SM3 8JD,BC
SM3 8JE,BC
SM3 8JF,BC
SM3 8JG,BC
SM3 8JH,BC
SM3 8JL,BC
SM3 8JN,BC
SM3 8JW,BC
SM3 8LA,BC
SM3 8LB,BC
SM3 8LE,BC
SM3 8LJ,BC
SM3 8LN,BC
SM3 8LP,BC
SM3 8LR,BC
SM3 8LT,BC
SM3 8LU,BC
SM3 8LW,BC
SM3 8LX,BC
SM3 8LY,BC
SM3 8NA,BC
SM3 8NE,BC
SM3 8NF,BC
SM3 8NG,BC
SM3 8NH,BC
SM3 8NQ,BC
SM3 8PJ,BC
SM3 8PL,BC
SM3 9AA,BC
SM3 9AB,BC
SM3 9AR,BC
SM3 9AS,BC
SM3 9AW,BC
SM3 9AX,BC
SM3 9AY,BC
SM3 9AZ,BC
SM3 9BD,BC
SM3 9BE,BC
SM3 9BG,BC
SM3 9BH,BC
SM3 9BY,BC
SM3 9BZ,BC
SM3 9RY,BC
SM3 9RZ,BC
SM3 9SA,BC
SM3 9SB,BC
SM3 9ST,BC
SM3 9SX,BC
SM3 9SY,BC
SM3 9TF,BC
SM3 9TH,BC
SM3 9TJ,BC
SM3 9TL,BC
SM3 9TP,BC
SM3 9TR,BC
SM3 9TS,BC
SM1 2JR,CA
SM1 2LZ,CA
SM1 2NA,CA
SM1 2NB,CA
SM1 2NN,CA
SM1 2NU,CA
SM1 2UE,CA
SM3 9AD,CA
SM3 9AH,CA
SM3 9AJ,CA
SM3 9AL,CA
SM3 9AN,CA
SM3 9AP,CA
SM3 9AQ,CA
SM3 9AR,CA
SM3 9AS,CA
SM3 9AW,CA
SM3 9AX,CA
SM3 9AY,CA
SM3 9BD,CA
SM3 9BE,CA
SM3 9BG,CA
SM3 9BJ,CA
SM3 9BQ,CA
SM3 9BU,CA
SM3 9BX,CA
SM3 9BY,CA
SM3 9DA,CA
SM3 9DR,CA
SM3 9DT,CA
SM3 9DW,CA
SM3 9DX,CA
SM3 9EA,CA
SM3 9EB,CA
SM3 9ED,CA
SM3 9HU,CA
SM3 9LL,CA
SM3 9LT,CA
SM3 9LW,CA
SM3 9PF,CA
SM3 9QE,CA
SM3 9QF,CA
SM3 9QG,CA
SM3 9QH,CA
SM3 9QJ,CA
SM3 9QL,CA
SM3 9QN,CA
SM3 9QP,CA
SM3 9QQ,CA
SM3 9QR,CA
SM3 9QS,CA
SM3 9QW,CA
SM3 9QX,CA
SM3 9QY,CA
SM3 9QZ,CA
SM3 9RA,CA
SM3 9RD,CA
SM3 9RE,CA
SM3 9RF,CA
SM3 9RG,CA
SM3 9RH,CA
SM3 9RJ,CA
SM3 9RL,CA
SM3 9RN,CA
SM3 9RQ,CA
SM3 9RR,CA
SM3 9RS,CA
SM3 9RT,CA
SM3 9RU,CA
SM3 9RW,CA
SM3 9RX,CA
SM3 9RY,CA
SM3 9RZ,CA
SM3 9SA,CA
SM3 9SB,CA
SM3 9SD,CA
SM3 9SE,CA
SM3 9SF,CA
SM3 9SG,CA
SM3 9SQ,CA
SM3 9SY,CA
SM3 9SZ,CA
SM3 9TD,CA
SM3 9TE,CA
SM3 9TH,CA
SM3 9TP,CA
SM3 9TQ,CA
SM3 9TT,CA
SM3 9TU,CA
SM3 9TX,CA
SM3 9TZ,CA
SM3 9UA,CA
SM3 9UB,CA
SM3 9UD,CA
SM3 9UE,CA
SM3 9UF,CA
SM3 9UG,CA
SM3 9UJ,CA
SM3 9UL,CA
SM3 9UN,CA
SM3 9UP,CA
SM3 9UR,CA
SM3 9UT,CA
SM3 9UU,CA
SM3 9UW,CA
SM3 9BJ,CB
SM3 9DA,CB
SM3 9DT,CB
SM3 9EU,CB
SM3 9EX,CB
SM3 9HA,CB
SM3 9HB,CB
SM3 9HE,CB
SM3 9HF,CB
SM3 9HH,CB
SM3 9HJ,CB
SM3 9HL,CB
SM3 9HN,CB
SM3 9HQ,CB
SM3 9HR,CB
SM3 9HS,CB
SM3 9HT,CB
SM3 9HU,CB
SM3 9HW,CB
SM3 9HX,CB
SM3 9HY,CB
SM3 9HZ,CB
SM3 9JA,CB
SM3 9JB,CB
SM3 9JD,CB
SM3 9JE,CB
SM3 9JF,CB
SM3 9JH,CB
SM3 9JJ,CB
SM3 9JL,CB
SM3 9JP,CB
SM3 9JR,CB
SM3 9JS,CB
SM3 9JT,CB
SM3 9JU,CB
SM3 9JX,CB
SM3 9JY,CB
SM3 9JZ,CB
SM3 9LA,CB
SM3 9LB,CB
SM3 9LE,CB
SM3 9LF,CB
SM3 9LJ,CB
SM3 9LL,CB
SM3 9LN,CB
SM3 9LS,CB
SM3 9LT,CB
SM3 9LW,CB
SM3 9LY,CB
SM3 9LZ,CB
SM3 9NA,CB
SM3 9NB,CB
SM3 9ND,CB
SM3 9NE,CB
SM3 9NG,CB
SM3 9NJ,CB
SM3 9PP,CB
SM3 9PR,CB
SM3 9PX,CB
SM3 9QH,CB
SM3 9QS,CB
SM3 9WS,CB
SM4 4PD,CB
SM4 4RH,CB
SM1 2ND,CC
SM1 2NE,CC
SM3 9AU,CC
SM3 9EF,CC
SM3 9EG,CC
SM3 9EL,CC
SM3 9EN,CC
SM3 9EQ,CC
SM3 9ES,CC
SM3 9EU,CC
SM3 9EX,CC
SM3 9EY,CC
SM3 9HA,CC
SM3 9HZ,CC
SM3 9JA,CC
SM3 9JB,CC
SM3 9JD,CC
SM3 9JF,CC
SM3 9JJ,CC
SM3 9JL,CC
SM3 9JN,CC
SM3 9JP,CC
SM3 9JR,CC
SM3 9JT,CC
SM3 9JW,CC
SM3 9JX,CC
SM3 9LF,CC
SM3 9LJ,CC
SM3 9LL,CC
SM3 9LN,CC
SM3 9LW,CC
SM3 9NG,CC
SM3 9NH,CC
SM3 9NJ,CC
SM3 9NL,CC
SM3 9NN,CC
SM3 9NQ,CC
SM3 9NS,CC
SM3 9NT,CC
SM3 9NU,CC
SM3 9NX,CC
SM3 9PA,CC
SM3 9PB,CC
SM3 9PE,CC
SM3 9PG,CC
SM3 9PH,CC
SM3 9PJ,CC
SM3 9PL,CC
SM3 9PP,CC
SM3 9PQ,CC
SM3 9PR,CC
SM3 9PS,CC
SM3 9PU,CC
SM3 9PW,CC
SM3 9PX,CC
SM3 9PY,CC
SM3 9QA,CC
SM3 9QB,CC
SM3 9QD,CC
SM4 4PD,CC
SM4 4TB,CC
SM4 5PR,CC
SM4 5PS,CC
SM4 5QL,CC
SM4 5QP,CC
SM4 5QQ,CC
SM4 5QS,CC
SM4 5QW,CC
SM4 6LS,CC
SM4 6NR,CC
SM4 6PD,CC
SM4 6PF,CC
SM4 6PG,CC
SM3 9TX,DA
SM3 9TS,DA
SM3 9TQ,DA
SM3 9TN,DA
SM3 9TD,DA
SM3 9TB,DA
SM3 9TA,DA
SM3 9SZ,DA
SM3 9SY,DA
SM3 9SX,DA
SM3 9SW,DA
SM3 9SU,DA
SM3 9ST,DA
SM3 9SS,DA
SM3 9SR,DA
SM3 9SP,DA
SM3 9SN,DA
SM3 9SL,DA
SM3 9SJ,DA
SM3 9RY,DA
SM3 9RR,DA
SM3 9QE,DA
SM3 9DG,DA
SM3 9AD,DA
SM3 8RA,DA
SM3 8QZ,DA
SM3 8QY,DA
SM3 8QW,DA
SM3 8QU,DA
SM3 8QT,DA
SM3 8QS,DA
SM3 8QR,DA
SM3 8QP,DA
SM3 8QN,DA
SM3 8QG,DA
SM3 8QF,DA
SM3 8PW,DA
SM3 8PU,DA
SM3 8PQ,DA
SM3 8PN,DA
SM3 8PL,DA
SM3 8PJ,DA
SM3 8PH,DA
SM3 8PD,DA
SM3 8PB,DA
SM3 8PA,DA
SM3 8NZ,DA
SM3 8NY,DA
SM3 8NX,DA
SM3 8NW,DA
SM3 8NU,DA
SM3 8NR,DA
SM3 8NP,DA
SM3 8NN,DA
SM3 8NA,DA
SM3 8LW,DA
SM3 8LP,DA
SM3 8LN,DA
SM3 8LL,DA
SM3 8LJ,DA
SM3 8LF,DA
SM3 8HQ,DA
SM3 8EJ,DA
SM3 8EA,DA
SM3 8DZ,DA
SM3 8DX,DA
SM3 8DW,DA
SM3 8DU,DA
SM3 8DT,DA
SM3 8DN,DA
SM3 8AL,DA
SM1 2UE,DA
SM1 2UD,DA
SM1 2TX,DA
SM1 2LW,DA
SM1 2LR,DA
SM1 2LP,DA
SM1 2LN,DA
SM1 2LH,DA
SM1 2LE,DA
SM1 2JY,DA
SM1 2JX,DA
SM1 2JR,DA
SM3 8RY,DB
SM3 8RX,DB
SM3 8RW,DB
SM3 8RU,DB
SM3 8RT,DB
SM3 8RS,DB
SM3 8RQ,DB
SM3 8RL,DB
SM3 8RJ,DB
SM3 8RF,DB
SM3 8RE,DB
SM3 8QW,DB
SM3 8QS,DB
SM3 8QN,DB
SM3 8QL,DB
SM3 8QJ,DB
SM3 8QH,DB
SM3 8QG,DB
SM3 8QF,DB
SM3 8QD,DB
SM3 8QB,DB
SM3 8QA,DB
SM3 8PZ,DB
SM3 8PY,DB
SM3 8PX,DB
SM3 8PU,DB
SM3 8PT,DB
SM3 8PS,DB
SM3 8PR,DB
SM3 8NW,DB
SM3 8NN,DB
SM3 8DY,DB
SM3 8DR,DB
SM3 8DL,DB
SM3 8DJ,DB
SM3 8DH,DB
SM3 8DF,DB
SM3 8DE,DB
SM3 8DD,DB
SM3 8BZ,DB
SM3 8BW,DB
SM3 8BU,DB
SM3 8BT,DB
SM3 8BS,DB
SM3 8BP,DB
SM3 8BN,DB
SM3 8BL,DB
SM3 8BH,DB
SM3 8BD,DB
SM3 8AZ,DB
SM3 8AY,DB
SM3 8AW,DB
SM3 8AS,DB
SM3 8AR,DB
SM3 8AP,DB
SM3 8AN,DB
SM3 8AL,DB
SM3 8AJ,DB
SM3 8AH,DB
SM3 8AD,DB
SM3 8AA,DB
SM2 7PU,DB
SM2 7PT,DB
SM2 7PP,DB
SM2 7PE,DB
SM2 7PD,DB
SM2 7NZ,DB
SM2 7NU,DB
SM2 7NT,DB
SM2 7NS,DB
SM2 7NR,DB
SM2 7NN,DB
SM2 7NB,DB
SM2 7NA,DB
SM2 7JL,DB
SM2 7BW,DB
SM2 7BQ,DB
SM2 7BP,DB
SM2 7BN,DB
SM2 7BL,DB
SM2 7BJ,DB
SM2 7BH,DB
SM2 7BE,DB
SM2 7BD,DB
SM2 7BA,DB
SM2 7AZ,DB
SM2 7AY,DB
SM2 7AU,DB
SM2 7AT,DB
SM2 7AL,DB
SM2 7AJ,DB
SM2 7AF,DB
SM2 7AE,DB
SM2 7AD,DB
SM1 2TU,DB
SM1 2LR,DB
SM1 2DN,DB
SM1 2BX,DB
SM1 2BU,DB
SM1 2BT,DB
SM3 8SW,DB
SM3 8SR,DB
SM3 8SQ,DB
SM3 8SP,DB
SM3 8SN,DB
SM3 8SL,DB
SM3 8SH,DB
SM3 8SG,DB
SM3 8SD,DB
SM3 8SA,DB
SM3 8RZ,DB
SM7 1RF,DC
SM7 1RD,DC
SM7 1RB,DC
SM7 1QZ,DC
SM7 1QX,DC
SM7 1QW,DC
SM7 1QT,DC
SM7 1QR,DC
SM7 1QL,DC
SM7 1QH,DC
SM7 1QG,DC
SM7 1QE,DC
SM7 1PZ,DC
SM7 1PW,DC
SM7 1PS,DC
SM7 1PQ,DC
SM7 1PL,DC
SM7 1PF,DC
SM7 1NP,DC
SM7 1NN,DC
SM2 7QS,DC
SM2 7QR,DC
SM2 7QQ,DC
SM2 7QN,DC
SM2 7QL,DC
SM2 7QE,DC
SM2 7QB,DC
SM2 7QA,DC
SM2 7PX,DC
SM2 7PT,DC
SM2 7PS,DC
SM2 7PQ,DC
SM2 7PP,DC
SM2 7PN,DC
SM2 7PH,DC
SM2 7PG,DC
SM2 7PF,DC
SM2 7PE,DC
SM2 7PD,DC
SM2 7NZ,DC
SM2 7NU,DC
SM2 7NE,DC
SM2 7JE,DC
SM2 7JD,DC
SM2 7JB,DC
SM2 7JA,DC
SM2 7HZ,DC
SM2 7HY,DC
SM2 7HX,DC
SM2 7HQ,DC
SM2 7HJ,DC
SM2 7HH,DC
SM2 7HG,DC
SM2 7HF,DC
SM2 7HE,DC
SM2 7HA,DC
SM2 7EZ,DC
SM2 7EW,DC
SM2 7EU,DC
SM2 7ET,DC
SM2 7ES,DC
SM2 7ER,DC
SM2 7EQ,DC
SM2 7EP,DC
SM2 7EN,DC
SM2 7EH,DC
SM2 7EG,DC
SM2 7ED,DC
SM2 7EB,DC
SM2 7EA,DC
SM2 7DZ,DC
SM2 7DY,DC
SM2 7DX,DC
SM2 7DU,DC
SM2 7DQ,DC
SM2 7DP,DC
SM2 7DJ,DC
SM2 7DH,DC
SM2 7DD,DC
SM2 7DB,DC
SM2 7DA,DC
SM2 7BZ,DC
SM2 7BY,DC
SM2 7BX,DC
SM2 7BT,DC
SM2 7BS,DC
SM2 7AG,DC
SM2 7AF,DC
SM2 7AD,DC
SM2 7AA,DC
SM2 6HJ,DC
SM2 6EQ,DC
SM2 6EL,DC
SM2 6EJ,DC
SM2 6EE,DC
SM2 6EA,DC
SM2 6DX,DC
KT17 3HN,DC
KT17 3HL,DC
KT17 3DP,DC
SM1 1LW,EA
SM1 1NH,EA
SM1 1QE,EA
SM1 1QH,EA
SM1 1QJ,EA
SM1 1QL,EA
SM1 1QN,EA
SM1 1QP,EA
SM1 1QR,EA
SM1 1QS,EA
SM1 1QT,EA
SM1 1QU,EA
SM1 1QW,EA
SM1 1QX,EA
SM1 1QY,EA
SM1 1QZ,EA
SM1 1RB,EA
SM1 1RD,EA
SM1 1RE,EA
SM1 1RG,EA
SM1 1RU,EA
SM1 1SA,EA
SM1 2ND,EA
SM1 2NE,EA
SM1 2NG,EA
SM1 2NH,EA
SM1 2NJ,EA
SM1 2NL,EA
SM1 2NN,EA
SM1 2NU,EA
SM1 2PF,EA
SM1 2PG,EA
SM1 2PH,EA
SM1 2PJ,EA
SM1 2PL,EA
SM1 2PN,EA
SM1 2PP,EA
SM1 2PQ,EA
SM1 2PS,EA
SM1 2PT,EA
SM1 2PU,EA
SM1 2PW,EA
SM1 2PX,EA
SM1 2QN,EA
SM1 2QT,EA
SM1 2RA,EA
SM1 3AB,EA
SM1 3BX,EA
SM1 3EE,EA
SM1 3EF,EA
SM1 3EG,EA
SM1 3EH,EA
SM1 3EJ,EA
SM1 3EL,EA
SM1 3EN,EA
SM1 3EP,EA
SM1 3EQ,EA
SM1 3ET,EA
SM1 3EU,EA
SM1 3EW,EA
SM1 3EX,EA
SM1 3EZ,EA
SM1 3HB,EA
SM1 3HH,EA
SM1 3HJ,EA
SM1 3HL,EA
SM1 3HN,EA
SM1 3HP,EA
SM1 3HQ,EA
SM1 3HR,EA
SM1 3HS,EA
SM1 3HT,EA
SM1 3HU,EA
SM1 3HW,EA
SM1 3HY,EA
SM1 3HZ,EA
SM1 3JA,EA
SM1 3JB,EA
SM1 3JD,EA
SM1 3JE,EA
SM1 3JF,EA
SM1 3JG,EA
SM1 3JH,EA
SM1 3JQ,EA
SM1 3JR,EA
SM1 3JT,EA
SM1 3TT,EA
SM1 3TY,EA
SM3 9AU,EA
SM3 9PX,EA
SM3 9PY,EA
SM3 9QA,EA
SM3 9QS,EA
SM4 6NR,EA
SM4 6PF,EA
SM1 1LW,EB
SM1 1NH,EB
SM1 1PR,EB
SM1 1QE,EB
SM1 3AA,EB
SM1 3AB,EB
SM1 3AD,EB
SM1 3AE,EB
SM1 3AF,EB
SM1 3AG,EB
SM1 3AH,EB
SM1 3AJ,EB
SM1 3AL,EB
SM1 3AN,EB
SM1 3AQ,EB
SM1 3AU,EB
SM1 3AW,EB
SM1 3BF,EB
SM1 3BP,EB
SM1 3BS,EB
SM1 3BT,EB
SM1 3BX,EB
SM1 3BY,EB
SM1 3BZ,EB
SM1 3DA,EB
SM1 3DB,EB
SM1 3DD,EB
SM1 3DE,EB
SM1 3DF,EB
SM1 3DG,EB
SM1 3DH,EB
SM1 3DJ,EB
SM1 3DL,EB
SM1 3DN,EB
SM1 3DP,EB
SM1 3DQ,EB
SM1 3DR,EB
SM1 3DS,EB
SM1 3DT,EB
SM1 3DU,EB
SM1 3DW,EB
SM1 3DX,EB
SM1 3DY,EB
SM1 3DZ,EB
SM1 3EA,EB
SM1 3EE,EB
SM1 3EF,EB
SM1 3EH,EB
SM1 3EP,EB
SM1 3EQ,EB
SM1 3ET,EB
SM1 3EU,EB
SM1 3EW,EB
SM1 3EX,EB
SM1 3EY,EB
SM1 3EZ,EB
SM1 3HB,EB
SM1 3HG,EB
SM1 3HL,EB
SM1 3JX,EB
SM1 3JY,EB
SM1 3JZ,EB
SM1 3LA,EB
SM1 3LB,EB
SM1 3LD,EB
SM1 3LE,EB
SM1 3LF,EB
SM1 3LG,EB
SM1 3LH,EB
SM1 3LJ,EB
SM1 3LL,EB
SM1 3LP,EB
SM1 3LQ,EB
SM1 3LR,EB
SM1 3LS,EB
SM1 3LT,EB
SM1 3LU,EB
SM1 3LW,EB
SM1 3LX,EB
SM1 3LY,EB
SM1 3NH,EB
SM1 3NQ,EB
SM1 3NS,EB
SM1 3NT,EB
SM1 3NU,EB
SM1 3PG,EB
SM1 3PN,EB
SM1 3RN,EB
SM1 3RS,EB
SM1 3RX,EB
SM1 3SA,EB
SM1 3SB,EB
SM1 3SD,EB
SM1 3SE,EB
SM1 3SH,EB
SM1 3SJ,EB
SM1 3SL,EB
SM1 3SN,EB
SM1 3SP,EB
SM1 3SQ,EB
SM1 3SR,EB
SM1 3SS,EB
SM1 3ST,EB
SM1 3SU,EB
SM1 3SW,EB
SM1 3SX,EB
SM1 3SZ,EB
SM1 3TL,EB
SM1 4DX,EB
SM1 4EH,EB
SM1 4EJ,EB
SM1 4EQ,EB
SM1 4EW,EB
SM1 4HS,EB
SM1 4HW,EB
SM1 4NZ,EB
SM5 1AA,EB
SM5 1AG,EB
SM5 1BD,EB
SM1 1QJ,EC
SM1 1RG,EC
SM1 1RU,EC
SM1 2LX,EC
SM1 2LY,EC
SM1 2NB,EC
SM1 2NT,EC
SM1 2NU,EC
SM1 2NX,EC
SM1 2NZ,EC
SM1 2PA,EC
SM1 2PS,EC
SM1 2PT,EC
SM1 2QN,EC
SM1 2QP,EC
SM1 2QR,EC
SM1 2QS,EC
SM1 2QT,EC
SM1 2QU,EC
SM1 2QW,EC
SM1 2QX,EC
SM1 2QY,EC
SM1 2QZ,EC
SM1 2RA,EC
SM1 2RB,EC
SM3 9SW,FA
SM3 9SR,FA
SM3 8NU,FA
SM3 8NR,FA
SM1 2ZU,FA
SM1 2XS,FA
SM1 2XG,FA
SM1 2XD,FA
SM1 2XB,FA
SM1 2XA,FA
SM1 2UF,FA
SM1 2UE,FA
SM1 2TZ,FA
SM1 2TX,FA
SM1 2TU,FA
SM1 2RD,FA
SM1 2RB,FA
SM1 2QW,FA
SM1 2QN,FA
SM1 2QL,FA
SM1 2QB,FA
SM1 2NX,FA
SM1 2NF,FA
SM1 2NB,FA
SM1 2NA,FA
SM1 2LZ,FA
SM1 2LY,FA
SM1 2LX,FA
SM1 2LW,FA
SM1 2LR,FA
SM1 2LQ,FA
SM1 2LP,FA
SM1 2LN,FA
SM1 2LL,FA
SM1 2LJ,FA
SM1 2LH,FA
SM1 2LG,FA
SM1 2LF,FA
SM1 2LE,FA
SM1 2LD,FA
SM1 2LB,FA
SM1 2LA,FA
SM1 2JZ,FA
SM1 2JY,FA
SM1 2JX,FA
SM1 2JW,FA
SM1 2JU,FA
SM1 2JS,FA
SM1 2JR,FA
SM1 2JQ,FA
SM1 2JP,FA
SM1 2JN,FA
SM1 2JL,FA
SM1 2JJ,FA
SM1 2JH,FA
SM1 2JG,FA
SM1 2JF,FA
SM1 2JE,FA
SM1 2JD,FA
SM1 2JB,FA
SM1 2JA,FA
SM1 2HZ,FA
SM1 2HY,FA
SM1 2HX,FA
SM1 2HU,FA
SM1 2HT,FA
SM1 2HS,FA
SM1 2HR,FA
SM1 2HP,FA
SM1 2HJ,FA
SM1 2HH,FA
SM1 2HG,FA
SM1 2HE,FA
SM1 2HD,FA
SM1 2HB,FA
SM1 2EZ,FA
SM1 2EY,FA
SM1 2EW,FA
SM1 2EU,FA
SM1 2ES,FA
SM1 2EP,FA
SM1 2EN,FA
SM1 2EJ,FA
SM1 2DS,FA
SM1 2DR,FA
SM1 2DN,FA
SM1 2BY,FA
SM1 2AR,FA
SM1 2SR,FB
SM1 2SQ,FB
SM1 2SP,FB
SM1 2SN,FB
SM1 2SL,FB
SM1 2SJ,FB
SM1 2SH,FB
SM1 2SG,FB
SM1 2SF,FB
SM1 2SE,FB
SM1 2SD,FB
SM1 2SB,FB
SM1 2SA,FB
SM1 2RW,FB
SM1 2RQ,FB
SM1 2RN,FB
SM1 2RL,FB
SM1 2RJ,FB
SM1 2RG,FB
SM1 2RF,FB
SM1 2RE,FB
SM1 2RD,FB
SM1 2QD,FB
SM1 2HJ,FB
SM1 2GT,FB
SM1 2EU,FB
SM1 2ES,FB
SM1 2EQ,FB
SM1 2EP,FB
SM1 2EN,FB
SM1 2EL,FB
SM1 2EJ,FB
SM1 2EH,FB
SM1 2EG,FB
SM1 2EF,FB
SM1 2EE,FB
SM1 2ED,FB
SM1 2EB,FB
SM1 2EA,FB
SM1 2DZ,FB
SM1 2DY,FB
SM1 2DX,FB
SM1 2DW,FB
SM1 2DT,FB
SM1 2DS,FB
SM1 2DR,FB
SM1 2DQ,FB
SM1 2DP,FB
SM1 2DN,FB
SM1 2DL,FB
SM1 2DJ,FB
SM1 2DH,FB
SM1 2DG,FB
SM1 2DF,FB
SM1 2DE,FB
SM1 2DD,FB
SM1 2DB,FB
SM1 2DA,FB
SM1 2BX,FB
SM1 2BW,FB
SM1 2BU,FB
SM1 2BT,FB
SM1 2BS,FB
SM1 2BP,FB
SM1 2BN,FB
SM1 2BL,FB
SM1 2BH,FB
SM1 2BG,FB
SM1 2BE,FB
SM1 2BD,FB
SM1 2BB,FB
SM1 2BA,FB
SM1 2AZ,FB
SM1 2AY,FB
SM1 2AX,FB
SM1 2AW,FB
SM1 2AU,FB
SM1 2AT,FB
SM1 2AR,FB
SM1 2AQ,FB
SM1 2AP,FB
SM1 2AN,FB
SM1 2AL,FB
SM1 2AJ,FB
SM1 2AH,FB
SM1 2AG,FB
SM1 2AF,FB
SM1 2AE,FB
SM1 2AD,FB
SM1 1XB,FB
SM1 1SW,FB
SM1 1ST,FB
SM1 1SJ,FB
SM1 1SH,FB
SM1 1SG,FB
SM1 1SF,FB
SM1 1DA,FB
SM1 1BT,FB
SM1 1AY,FB
SM3 8RY,FB
SM2 7BN,FB
SM2 6NF,FB
SM2 6LZ,FB
SM2 6LX,FB
SM2 6LU,FB
SM2 6LP,FB
SM2 6JY,FB
SM2 6JU,FB
SM2 6JT,FB
SM2 6JS,FB
SM2 6JR,FB
SM2 6JP,FB
SM2 6JN,FB
SM2 6JL,FB
SM2 6HZ,FB
SM2 6EX,FB
SM1 2XS,FB
SM1 2XB,FB
SM1 2XA,FB
SM1 2UF,FB
SM1 2UA,FB
SM1 2TZ,FB
SM1 2TY,FB
SM1 2TW,FB
SM1 2TU,FB
SM1 2TT,FB
SM1 2TS,FB
SM1 2TR,FB
SM1 2TQ,FB
SM1 2TP,FB
SM1 2TN,FB
SM1 2TL,FB
SM1 2TJ,FB
SM1 2TH,FB
SM1 2TG,FB
SM1 2TF,FB
SM1 2TE,FB
SM1 2TD,FB
SM1 2TB,FB
SM1 2TA,FB
SM1 2SZ,FB
SM1 2SY,FB
SM1 2SX,FB
SM1 2SW,FB
SM1 2SU,FB
SM1 2ST,FB
SM1 2SS,FB
SM1 1BA,FC
SM1 1DE,FC
SM1 1JA,FC
SM1 4SL,FC
SM1 4SY,FC
SM2 5AE,FC
SM2 5BL,FC
SM2 5BN,FC
SM2 5BQ,FC
SM2 6DR,FC
SM2 6DT,FC
SM2 6ET,FC
SM2 6EW,FC
SM2 6EX,FC
SM2 6EY,FC
SM2 6EZ,FC
SM2 6GE,FC
SM2 6HA,FC
SM2 6HB,FC
SM2 6HD,FC
SM2 6HE,FC
SM2 6HF,FC
SM2 6HG,FC
SM2 6HP,FC
SM2 6JG,FC
SM2 6JL,FC
SM2 6JN,FC
SM2 6JP,FC
SM2 6JQ,FC
SM2 6JR,FC
SM2 6JS,FC
SM2 6JT,FC
SM2 6JU,FC
SM2 6JW,FC
SM2 6JX,FC
SM2 6JY,FC
SM2 6JZ,FC
SM2 6LA,FC
SM2 6LB,FC
SM2 6LD,FC
SM2 6LE,FC
SM2 6LF,FC
SM2 6LG,FC
SM2 6LH,FC
SM2 6LJ,FC
SM2 6LL,FC
SM2 6LN,FC
SM2 6LP,FC
SM2 6LQ,FC
SM2 6LR,FC
SM2 6LT,FC
SM2 6LU,FC
SM2 6LX,FC
SM2 6LY,FC
SM2 6LZ,FC
SM2 6NA,FC
SM2 6NB,FC
SM2 6ND,FC
SM2 6NE,FC
SM2 6NF,FC
SM2 6NJ,FC
SM2 6PE,FC
SM2 6PF,FC
SM2 6PG,FC
SM2 6PL,FC
SM2 6PN,FC
SM2 6PZ,FC
SM2 6QB,FC
SM2 6QE,FC
SM2 6QF,FC
SM2 6QG,FC
SM2 6QH,FC
SM2 6QJ,FC
SM2 6QL,FC
SM2 6QN,FC
SM2 6QQ,FC
SM2 6QR,FC
SM2 6QU,FC
SM2 6RX,FC
SM2 6SB,FC
SM2 6SL,FC
SM2 6SU,FC
SM2 6SW,FC
SM2 7AE,FC
SM2 7BN,FC
SM3 8RY,FC
SM1 1AT,GA
SM1 1AY,GA
SM1 1AZ,GA
SM1 1BA,GA
SM1 1BB,GA
SM1 1BG,GA
SM1 1BS,GA
SM1 1BT,GA
SM1 1DA,GA
SM1 1DD,GA
SM1 1DE,GA
SM1 1DF,GA
SM1 1DJ,GA
SM1 1DR,GA
SM1 1DS,GA
SM1 1DT,GA
SM1 1DU,GA
SM1 1DZ,GA
SM1 1EZ,GA
SM1 1HF,GA
SM1 1HN,GA
SM1 1HR,GA
SM1 1HT,GA
SM1 1HY,GA
SM1 1JB,GA
SM1 1JE,GA
SM1 1JF,GA
SM1 1JG,GA
SM1 1JH,GA
SM1 1JN,GA
SM1 1JP,GA
SM1 1JQ,GA
SM1 1JU,GA
SM1 1JY,GA
SM1 1LB,GA
SM1 1LD,GA
SM1 1LT,GA
SM1 1LU,GA
SM1 1LX,GA
SM1 1ND,GA
SM1 1NH,GA
SM1 1NR,GA
SM1 1NS,GA
SM1 1NT,GA
SM1 1NU,GA
SM1 1NW,GA
SM1 1NX,GA
SM1 1PA,GA
SM1 1PG,GA
SM1 1QH,GA
SM1 1QJ,GA
SM1 1RG,GA
SM1 1RH,GA
SM1 1RJ,GA
SM1 1RL,GA
SM1 1RN,GA
SM1 1RP,GA
SM1 1RQ,GA
SM1 1RR,GA
SM1 1RS,GA
SM1 1RT,GA
SM1 1RU,GA
SM1 1RW,GA
SM1 1RX,GA
SM1 1RY,GA
SM1 1RZ,GA
SM1 1SA,GA
SM1 1SB,GA
SM1 1SF,GA
SM1 1SG,GA
SM1 1SH,GA
SM1 1SJ,GA
SM1 1SN,GA
SM1 1SP,GA
SM1 1SR,GA
SM1 1ST,GA
SM1 1SW,GA
SM1 1WA,GA
SM1 1XA,GA
SM1 1XB,GA
SM1 2AD,GA
SM1 2AE,GA
SM1 2AF,GA
SM1 2PY,GA
SM1 2PZ,GA
SM1 2QA,GA
SM1 2QB,GA
SM1 2QD,GA
SM1 2QF,GA
SM1 2QG,GA
SM1 2QH,GA
SM1 2QJ,GA
SM1 2QL,GA
SM1 2QN,GA
SM1 2QQ,GA
SM1 2RD,GA
SM1 2RJ,GA
SM1 2RL,GA
SM1 2RP,GA
SM1 2RQ,GA
SM1 2RR,GA
SM1 2RS,GA
SM1 2RT,GA
SM1 2RU,GA
SM1 2RW,GA
SM1 2RX,GA
SM1 2RY,GA
SM1 2RZ,GA
SM1 2SA,GA
SM1 2SB,GA
SM1 2SD,GA
SM1 2SE,GA
SM1 2SF,GA
SM1 2SW,GA
SM1 2TN,GA
SM1 2TR,GA
SM1 2TS,GA
SM1 2TT,GA
SM1 2TY,GA
SM1 2TZ,GA
SM1 4DY,GA
SM1 4RA,GA
SM1 4SR,GA
SM2 6LA,GA
SM2 6NF,GA
SM1 1GJ,GB
SM1 1JF,GB
SM1 1JG,GB
SM1 1JH,GB
SM1 1JP,GB
SM1 1JQ,GB
SM1 1JU,GB
SM1 1LB,GB
SM1 1LD,GB
SM1 1LU,GB
SM1 1LX,GB
SM1 1ND,GB
SM1 1NG,GB
SM1 1NH,GB
SM1 1NL,GB
SM1 1NQ,GB
SM1 1NR,GB
SM1 1NS,GB
SM1 1NT,GB
SM1 1NU,GB
SM1 1NX,GB
SM1 1PA,GB
SM1 1PG,GB
SM1 1PQ,GB
SM1 1PR,GB
SM1 3AA,GB
SM1 3AE,GB
SM1 3AF,GB
SM1 3AG,GB
SM1 3AH,GB
SM1 3AJ,GB
SM1 4AE,GB
SM1 4AF,GB
SM1 4AG,GB
SM1 4AH,GB
SM1 4AN,GB
SM1 4AP,GB
SM1 4AQ,GB
SM1 4AR,GB
SM1 4AS,GB
SM1 4AU,GB
SM1 4AW,GB
SM1 4AY,GB
SM1 4BB,GB
SM1 4BE,GB
SM1 4BF,GB
SM1 4BG,GB
SM1 4BH,GB
SM1 4BL,GB
SM1 4BN,GB
SM1 4BP,GB
SM1 4BQ,GB
SM1 4BR,GB
SM1 4BS,GB
SM1 4BT,GB
SM1 4BU,GB
SM1 4BW,GB
SM1 4BX,GB
SM1 4BY,GB
SM1 4BZ,GB
SM1 4DA,GB
SM1 4DD,GB
SM1 4DE,GB
SM1 4DF,GB
SM1 4DG,GB
SM1 4DJ,GB
SM1 4DL,GB
SM1 4DN,GB
SM1 4DP,GB
SM1 4DQ,GB
SM1 4DR,GB
SM1 4DS,GB
SM1 4DT,GB
SM1 4DU,GB
SM1 4DW,GB
SM1 4DX,GB
SM1 4DY,GB
SM1 4EA,GB
SM1 4EB,GB
SM1 4EE,GB
SM1 4EF,GB
SM1 4EG,GB
SM1 4EH,GB
SM1 4EJ,GB
SM1 4EL,GB
SM1 4EN,GB
SM1 4EP,GB
SM1 4EQ,GB
SM1 4ER,GB
SM1 4ES,GB
SM1 4EU,GB
SM1 4EW,GB
SM1 4EX,GB
SM1 4EZ,GB
SM1 4HD,GB
SM1 4HE,GB
SM1 4HF,GB
SM1 4HG,GB
SM1 4HH,GB
SM1 4HJ,GB
SM1 4HL,GB
SM1 4HN,GB
SM1 4HP,GB
SM1 4HQ,GB
SM1 4HR,GB
SM1 4HS,GB
SM1 4HT,GB
SM1 4HW,GB
SM1 4JQ,GB
SM1 4NZ,GB
SM1 4PP,GB
SM1 4PR,GB
SM1 4PT,GB
SM1 4PX,GB
SM1 4QN,GB
SM1 4QU,GB
SM1 4RH,GB
SM1 4RU,GB
SM1 1AD,GC
SM1 1DE,GC
SM1 1DF,GC
SM1 1DJ,GC
SM1 1DT,GC
SM1 1DU,GC
SM1 1EX,GC
SM1 1EZ,GC
SM1 1HF,GC
SM1 1HN,GC
SM1 1HT,GC
SM1 1HY,GC
SM1 1JA,GC
SM1 1JF,GC
SM1 1LT,GC
SM1 1LU,GC
SM1 3AJ,GC
SM1 3AL,GC
SM1 3AN,GC
SM1 3AS,GC
SM1 3AW,GC
SM1 3BU,GC
SM1 3QH,GC
SM1 3RJ,GC
SM1 3RL,GC
SM1 3RN,GC
SM1 3RP,GC
SM1 3RR,GC
SM1 3RS,GC
SM1 3RT,GC
SM1 3RU,GC
SM1 3RW,GC
SM1 3RX,GC
SM1 3RY,GC
SM1 3RZ,GC
SM1 4AE,GC
SM1 4AF,GC
SM1 4AH,GC
SM1 4AJ,GC
SM1 4AN,GC
SM1 4AT,GC
SM1 4AW,GC
SM1 4AX,GC
SM1 4BE,GC
SM1 4BJ,GC
SM1 4BU,GC
SM1 4BX,GC
SM1 4BY,GC
SM1 4DJ,GC
SM1 4ET,GC
SM1 4EY,GC
SM1 4FP,GC
SM1 4HB,GC
SM1 4HF,GC
SM1 4HH,GC
SM1 4HU,GC
SM1 4HW,GC
SM1 4HX,GC
SM1 4HY,GC
SM1 4HZ,GC
SM1 4JA,GC
SM1 4JD,GC
SM1 4JJ,GC
SM1 4JQ,GC
SM1 4JS,GC
SM1 4LD,GC
SM1 4LE,GC
SM1 4LF,GC
SM1 4LG,GC
SM1 4LH,GC
SM1 4LJ,GC
SM1 4LL,GC
SM1 4LN,GC
SM1 4LP,GC
SM1 4LQ,GC
SM1 4LS,GC
SM1 4LT,GC
SM1 4LU,GC
SM1 4LW,GC
SM1 4LX,GC
SM1 4NJ,GC
SM1 4NL,GC
SM1 4NN,GC
SM1 4NP,GC
SM1 4NQ,GC
SM1 4NR,GC
SM1 4NS,GC
SM1 4NU,GC
SM1 4NW,GC
SM1 4PB,GC
SM1 4PE,GC
SM1 4PG,GC
SM1 4PH,GC
SM1 4PJ,GC
SM1 4PL,GC
SM1 4PN,GC
SM1 4PP,GC
SM1 4PR,GC
SM1 4PS,GC
SM1 4PT,GC
SM1 4PU,GC
SM1 4PX,GC
SM1 4PY,GC
SM1 4PZ,GC
SM1 4QA,GC
SM1 4QB,GC
SM1 4QD,GC
SM1 4QE,GC
SM1 4QF,GC
SM1 4QG,GC
SM1 4QH,GC
SM1 4QJ,GC
SM1 4QL,GC
SM1 4QN,GC
SM1 4QP,GC
SM1 4QR,GC
SM1 4QT,GC
SM1 4QU,GC
SM1 4QW,GC
SM1 4QX,GC
SM1 4QY,GC
SM1 4RA,GC
SM1 4RD,GC
SM1 4RH,GC
SM1 4RJ,GC
SM1 4RL,GC
SM1 4RP,GC
SM1 4RQ,GC
SM1 4RR,GC
SM1 4RS,GC
SM1 4RT,GC
SM1 4RU,GC
SM1 4RW,GC
SM1 4RX,GC
SM1 4RY,GC
SM1 4SA,GC
SM1 4SL,GC
SM1 4SR,GC
SM1 4SY,GC
SM1 4SZ,GC
SM1 4TB,GC
SM1 4TE,GC
SM1 4TG,GC
SM1 4TH,GC
SM1 4TP,GC
SM1 4TQ,GC
SM1 4TW,GC
SM1 4TY,GC
SM2 5DP,GC
SM2 5DW,GC
SM2 6AF,HA
SM2 6AP,HA
SM2 6AX,HA
SM2 6BE,HA
SM2 6DN,HA
SM2 6EH,HA
SM2 6GE,HA
SM2 6LG,HA
SM2 6LH,HA
SM2 6LJ,HA
SM2 6LN,HA
SM2 6LQ,HA
SM2 6LT,HA
SM2 6LY,HA
SM2 6NA,HA
SM2 6NB,HA
SM2 6PA,HA
SM2 6PB,HA
SM2 6PE,HA
SM2 6PF,HA
SM2 6PG,HA
SM2 6PH,HA
SM2 6PJ,HA
SM2 6PL,HA
SM2 6PN,HA
SM2 6PP,HA
SM2 6PQ,HA
SM2 6PR,HA
SM2 6PS,HA
SM2 6PT,HA
SM2 6PU,HA
SM2 6PW,HA
SM2 6PX,HA
SM2 6PY,HA
SM2 6PZ,HA
SM2 6QA,HA
SM2 6QB,HA
SM2 6QE,HA
SM2 6QG,HA
SM2 6QP,HA
SM2 6QR,HA
SM2 6QU,HA
SM2 6QX,HA
SM2 6QY,HA
SM2 6QZ,HA
SM2 6RA,HA
SM2 6RB,HA
SM2 6RD,HA
SM2 6RE,HA
SM2 6RF,HA
SM2 6RG,HA
SM2 6RH,HA
SM2 6RJ,HA
SM2 6RL,HA
SM2 6RN,HA
SM2 6RP,HA
SM2 6RQ,HA
SM2 6RR,HA
SM2 6RS,HA
SM2 6RT,HA
SM2 6RU,HA
SM2 6RW,HA
SM2 6RX,HA
SM2 6RY,HA
SM2 6RZ,HA
SM2 6SA,HA
SM2 6SB,HA
SM2 6SD,HA
SM2 6SF,HA
SM2 6SG,HA
SM2 6SH,HA
SM2 6SJ,HA
SM2 6SQ,HA
SM2 6SS,HA
SM2 6ST,HA
SM2 6SX,HA
SM2 6SY,HA
SM2 6SZ,HA
SM2 6TA,HA
SM2 6TB,HA
SM2 6TD,HA
SM2 6TH,HA
SM2 6TJ,HA
SM2 6TQ,HA
SM1 1JA,HB
SM1 4SL,HB
SM1 4TE,HB
SM2 5AD,HB
SM2 5AE,HB
SM2 5AH,HB
SM2 5AJ,HB
SM2 5AQ,HB
SM2 5AX,HB
SM2 5AY,HB
SM2 5BL,HB
SM2 5BN,HB
SM2 5BP,HB
SM2 5BQ,HB
SM2 5BS,HB
SM2 5BT,HB
SM2 5BU,HB
SM2 5BW,HB
SM2 5BX,HB
SM2 5BY,HB
SM2 5DA,HB
SM2 5DB,HB
SM2 5DD,HB
SM2 5DG,HB
SM2 5DH,HB
SM2 5DJ,HB
SM2 5DL,HB
SM2 5DN,HB
SM2 5DP,HB
SM2 5DQ,HB
SM2 5DR,HB
SM2 5DS,HB
SM2 5DT,HB
SM2 5DU,HB
SM2 5DW,HB
SM2 5DX,HB
SM2 5DY,HB
SM2 5DZ,HB
SM2 5EA,HB
SM2 5EB,HB
SM2 5ED,HB
SM2 5EE,HB
SM2 5EF,HB
SM2 5EG,HB
SM2 5EH,HB
SM2 5EJ,HB
SM2 5EL,HB
SM2 5EN,HB
SM2 5EP,HB
SM2 5EQ,HB
SM2 5ER,HB
SM2 5ES,HB
SM2 5ET,HB
SM2 5EU,HB
SM2 5EW,HB
SM2 5EX,HB
SM2 5EY,HB
SM2 5EZ,HB
SM2 5GN,HB
SM2 5GY,HB
SM2 5GZ,HB
SM2 5HA,HB
SM2 5HB,HB
SM2 5HD,HB
SM2 5HE,HB
SM2 5HF,HB
SM2 5HG,HB
SM2 5HH,HB
SM2 5HJ,HB
SM2 5HL,HB
SM2 5HN,HB
SM2 5HQ,HB
SM2 5JB,HB
SM2 5JD,HB
SM2 5JG,HB
SM2 5JH,HB
SM2 5JJ,HB
SM2 5JL,HB
SM2 5JQ,HB
SM2 5JR,HB
SM2 5JT,HB
SM2 5JU,HB
SM2 5JY,HB
SM2 5JZ,HB
SM2 5LA,HB
SM2 5LD,HB
SM2 5LN,HB
SM2 5LP,HB
SM2 5LX,HB
SM2 5NS,HB
SM2 5PH,HB
SM2 5RQ,HB
SM2 5SJ,HB
SM2 5TA,HB
SM2 5TB,HB
SM2 5TD,HB
SM2 5TE,HB
SM2 5TF,HB
SM2 5TG,HB
SM2 5TH,HB
SM2 5TJ,HB
SM2 5TL,HB
SM2 5TN,HB
SM2 5TP,HB
SM2 5TQ,HB
SM2 5TR,HB
SM2 5TS,HB
SM2 5TT,HB
SM2 5TU,HB
SM2 5TX,HB
SM2 5TY,HB
SM2 5TZ,HB
SM2 5UA,HB
SM2 5UB,HB
SM2 5UD,HB
SM2 5UE,HB
SM2 6AA,HB
SM2 6AB,HB
SM2 6AD,HB
SM2 6AF,HB
SM2 6AG,HB
SM2 6AH,HB
SM2 6AJ,HB
SM2 6AN,HB
SM2 6AP,HB
SM2 6AQ,HB
SM2 6AX,HB
SM2 6AY,HB
SM2 6AZ,HB
SM2 6BA,HB
SM2 6BB,HB
SM2 6BD,HB
SM2 6BT,HB
SM2 6LF,HB
SM2 6LG,HB
SM2 6PE,HB
SM2 6PQ,HB
SM2 6QY,HB
SM2 6RJ,HB
SM2 6RL,HB
SM2 6RN,HB
SM2 6RR,HB
SM2 6TQ,HB
SM1 4PA,HC
SM2 5DT,HC
SM2 5DU,HC
SM2 5EL,HC
SM2 5HP,HC
SM2 5HR,HC
SM2 5HS,HC
SM2 5HT,HC
SM2 5HU,HC
SM2 5HW,HC
SM2 5HX,HC
SM2 5HY,HC
SM2 5HZ,HC
SM2 5JA,HC
SM2 5JB,HC
SM2 5JD,HC
SM2 5JE,HC
SM2 5JT,HC
SM2 5JU,HC
SM2 5JX,HC
SM2 5JY,HC
SM2 5LD,HC
SM2 5TB,HC
SM2 5TD,HC
SM2 5TH,HC
SM5 3NH,HC
SM5 3NL,HC
SM5 3NW,HC
SM5 3QH,HC
SM5 4DW,HC
SM2 6SW,IA
SM2 6SU,IA
SM2 6SS,IA
SM2 6SR,IA
SM2 6SP,IA
SM2 6SN,IA
SM2 6SL,IA
SM2 6SE,IA
SM2 6RW,IA
SM2 6RD,IA
SM2 6RB,IA
SM2 6RA,IA
SM2 6QT,IA
SM2 6QS,IA
SM2 6QR,IA
SM2 6QP,IA
SM2 6QL,IA
SM2 6QG,IA
SM2 6QD,IA
SM2 6QA,IA
SM2 6PZ,IA
SM2 6PA,IA
SM2 6NJ,IA
SM2 6JF,IA
SM2 6HY,IA
SM2 6HW,IA
SM2 6HS,IA
SM2 6HR,IA
SM2 6HQ,IA
SM2 6HL,IA
SM2 6HH,IA
SM2 6HG,IA
SM2 6HF,IA
SM2 6HE,IA
SM2 6GS,IA
SM2 6DT,IA
SM2 6DN,IA
SM2 6UX,IB
SM2 6UE,IB
SM2 6UA,IB
SM2 6TZ,IB
SM2 6TY,IB
SM2 6TU,IB
SM2 6TQ,IB
SM2 6SW,IB
SM2 6RW,IB
SM2 6RD,IB
SM2 6QT,IB
SM2 6QL,IB
SM2 6QA,IB
SM2 6PD,IB
SM2 6NS,IB
SM2 6NQ,IB
SM2 6NL,IB
SM2 6NG,IB
SM2 6JX,IB
SM2 6JU,IB
SM2 6JS,IB
SM2 6JJ,IB
SM2 6JH,IB
SM2 6JE,IB
SM2 6JD,IB
SM2 6JB,IB
SM2 6JA,IB
SM2 6HX,IB
SM2 6HW,IB
SM2 6HU,IB
SM2 6HT,IB
SM2 6HR,IB
SM2 6HQ,IB
SM2 6HN,IB
SM2 6HL,IB
SM2 6HJ,IB
SM2 6HH,IB
SM2 6HG,IB
SM2 6GS,IB
SM2 6EW,IB
SM2 6EU,IB
SM2 6ET,IB
SM2 6ES,IB
SM2 6ER,IB
SM2 6EQ,IB
SM2 6EP,IB
SM2 6EL,IB
SM2 6EJ,IB
SM2 6EG,IB
SM2 6EF,IB
SM2 6EE,IB
SM2 6ED,IB
SM2 6EB,IB
SM2 6EA,IB
SM2 6DY,IB
SM2 6DX,IB
SM2 6DW,IB
SM2 6DU,IB
SM2 6DT,IB
SM2 6DS,IB
SM2 6DR,IB
SM2 6DQ,IB
SM2 6DJ,IB
SM2 6DH,IB
SM2 6DG,IB
SM2 6DF,IB
SM2 6BZ,IB
SM2 6BX,IB
SM2 6BW,IB
SM2 6BU,IB
SM2 6BS,IB
SM2 6BQ,IB
SM2 6BP,IB
SM2 6BN,IB
SM2 6BL,IB
SM2 6BJ,IB
SM2 6BH,IB
SM2 6BG,IB
SM2 6BF,IB
SM2 6BE,IB
SM2 6AP,IB
SM2 5SX,IB
SM2 5NE,IB
SM2 5ND,IB
SM2 5NB,IB
SM2 5LY,IB
SM2 5LT,IB
SM2 5FA,IB
SM2 5BZ,IB
SM2 5BJ,IB
SM2 5BH,IB
SM2 5BG,IB
SM2 5BF,IB
SM2 5BE,IB
SM2 5BD,IB
SM2 5BB,IB
SM2 5BA,IB
SM2 5AU,IB
SM2 5AT,IB
SM2 7BZ,IB
SM2 7BX,IB
SM2 7BT,IB
SM2 7BS,IB
SM2 7AG,IB
SM2 7AF,IB
SM2 7AE,IB
SM2 7AA,IB
SM2 6UB,IC
SM2 6UA,IC
SM2 6TZ,IC
SM2 6TY,IC
SM2 6TX,IC
SM2 6TU,IC
SM2 6TT,IC
SM2 6TS,IC
SM2 6TR,IC
SM2 6TP,IC
SM2 6AW,IC
SM2 6AP,IC
SM2 6AN,IC
SM2 6AJ,IC
SM2 6AE,IC
SM2 6AB,IC
SM2 6AA,IC
SM2 5SW,IC
SM2 5SN,IC
SM2 5SL,IC
SM2 5SF,IC
SM2 5RQ,IC
SM2 5RJ,IC
SM2 5RH,IC
SM2 5RE,IC
SM2 5QP,IC
SM2 5QN,IC
SM2 5QL,IC
SM2 5QH,IC
SM2 5NA,IC
SM2 5LU,IC
SM2 5FA,IC
SM2 5BD,IC
SM2 5BB,IC
SM5 4JF,ID
SM5 4JA,ID
SM5 4HZ,ID
SM5 4HT,ID
SM5 4HS,ID
SM5 4HR,ID
SM5 4HQ,ID
SM5 4HP,ID
SM5 4HN,ID
SM5 4HL,ID
SM5 4EN,ID
SM2 6UA,ID
SM2 6TX,ID
SM2 6TT,ID
SM2 6TR,ID
SM2 6NL,ID
SM2 6DD,ID
SM2 6BW,ID
SM2 6BU,ID
SM2 6BJ,ID
SM2 6BH,ID
SM2 6AE,ID
SM2 5SX,ID
SM2 5SW,ID
SM2 5SU,ID
SM2 5ST,ID
SM2 5SN,ID
SM2 5SL,ID
SM2 5SJ,ID
SM2 5SF,ID
SM2 5SE,ID
SM2 5SB,ID
SM2 5SA,ID
SM2 5RY,ID
SM2 5RU,ID
SM2 5RS,ID
SM2 5RQ,ID
SM2 5RP,ID
SM2 5RN,ID
SM2 5RL,ID
SM2 5RJ,ID
SM2 5RE,ID
SM2 5RD,ID
SM2 5RB,ID
SM2 5RA,ID
SM2 5QZ,ID
SM2 5QY,ID
SM2 5QU,ID
SM2 5QT,ID
SM2 5QS,ID
SM2 5QR,ID
SM2 5QP,ID
SM2 5QN,ID
SM2 5QL,ID
SM2 5QJ,ID
SM2 5QH,ID
SM2 5QF,ID
SM2 5QE,ID
SM2 5QD,ID
SM2 5PT,ID
SM2 5PS,ID
SM2 5PR,ID
SM2 5NW,ID
SM2 5NR,ID
SM2 5NQ,ID
SM2 5NN,ID
SM2 5NL,ID
SM2 5NJ,ID
SM2 5NG,ID
SM2 5NF,ID
SM2 5NA,ID
SM2 5LW,ID
SM2 5LQ,ID
SM2 5LL,ID
SM2 5LJ,ID
SM2 5LH,ID
SM2 5LG,ID
SM2 5LF,ID
SM2 5LE,ID
SM2 5LD,ID
SM2 5LB,ID
SM2 5LA,ID
SM2 5JZ,ID
SM2 5JW,ID
SM2 5JT,ID
SM2 5JS,ID
SM2 5JR,ID
SM2 5JN,ID
SM2 5JL,ID
SM2 5JJ,ID
SM2 5HQ,ID
SM2 5HJ,ID
SM2 5HH,ID
SM2 5HG,ID
SM2 5DF,ID
SM1 3HE,JA
SM1 3HQ,JA
SM1 3JG,JA
SM1 3JJ,JA
SM1 3JL,JA
SM1 3TT,JA
SM1 3TX,JA
SM1 3TY,JA
SM1 3TZ,JA
SM3 9PA,JA
SM4 6HR,JA
SM4 6JS,JA
SM4 6JU,JA
SM4 6LH,JA
SM4 6LL,JA
SM4 6LP,JA
SM4 6LQ,JA
SM4 6LS,JA
SM4 6LT,JA
SM4 6LU,JA
SM4 6LX,JA
SM4 6LY,JA
SM4 6LZ,JA
SM4 6NA,JA
SM4 6NE,JA
SM4 6NF,JA
SM4 6NG,JA
SM4 6NH,JA
SM4 6NJ,JA
SM4 6NL,JA
SM4 6NN,JA
SM4 6NP,JA
SM4 6NQ,JA
SM4 6NR,JA
SM4 6NW,JA
SM4 6NY,JA
SM4 6NZ,JA
SM4 6PD,JA
SM4 6PE,JA
SM4 6PF,JA
SM4 6PG,JA
SM4 6PX,JA
SM4 6QA,JA
SM4 6QE,JA
SM4 6QR,JA
SM4 6QX,JA
SM4 6SG,JA
SM4 6SH,JA
SM4 6SJ,JA
SM4 6SL,JA
SM4 6SQ,JA
SM5 1AD,JA
SM1 3HB,JB
SM1 3HE,JB
SM1 3HG,JB
SM1 3HQ,JB
SM1 3TX,JB
SM4 6BJ,JB
SM4 6BL,JB
SM4 6BN,JB
SM4 6BP,JB
SM4 6BT,JB
SM4 6BU,JB
SM4 6BW,JB
SM4 6BX,JB
SM4 6BY,JB
SM4 6BZ,JB
SM4 6GA,JB
SM4 6GB,JB
SM4 6GD,JB
SM4 6GE,JB
SM4 6GF,JB
SM4 6JP,JB
SM4 6JS,JB
SM4 6JT,JB
SM4 6JU,JB
SM4 6RN,JB
SM4 6SH,JB
SM5 1AD,JB
SM5 1AF,JB
SM5 1AG,JB
SM5 1AH,JB
SM5 1AJ,JB
SM5 1AL,JB
SM5 1AP,JB
SM5 1AR,JB
SM5 1AU,JB
SM5 1AW,JB
SM5 1AX,JB
SM5 1AY,JB
SM5 1AZ,JB
SM5 1BD,JB
SM5 1BH,JB
SM5 1BJ,JB
SM5 1BL,JB
SM5 1BP,JB
SM5 1BQ,JB
SM5 1BS,JB
SM5 1BT,JB
SM5 1BU,JB
SM5 1BX,JB
SM5 1BY,JB
SM5 1BZ,JB
SM5 1HE,JB
SM1 3DT,JC
SM1 3NA,JC
SM1 3NF,JC
SM1 3NG,JC
SM1 3NH,JC
SM5 1AA,JC
SM5 1AH,JC
SM5 1AR,JC
SM5 1AU,JC
SM5 1AZ,JC
SM5 1BD,JC
SM5 1BX,JC
SM5 1BY,JC
SM5 1BZ,JC
SM5 1HA,JC
SM5 1JH,JC
SM5 1JQ,JC
SM5 1NH,JC
SM5 1NJ,JC
SM5 1NL,JC
SM5 1NN,JC
SM5 1NP,JC
SM5 1NQ,JC
SM5 1NR,JC
SM5 1NW,JC
SM5 1PS,JC
SM5 1PT,JC
SM5 1PU,JC
SM5 1PW,JC
SM5 1PX,JC
SM5 1PY,JC
SM5 1PZ,JC
SM5 1QA,JC
SM5 1QB,JC
SM5 1QD,JC
SM5 1QE,JC
SM5 1QF,JC
SM5 1QG,JC
SM5 1QU,JC
SM5 1SA,JC
SM5 1SB,JC
SM5 1SD,JC
SM5 1SE,JC
SM5 1SF,JC
SM5 1SG,JC
SM5 1SH,JC
SM5 1SL,JC
SM5 1SQ,JC
SM5 1SR,JC
SM5 1SU,JC
SM5 1SW,JC
SM5 1TG,JC
SM5 1TJ,JC
SM5 1TP,JC
SM5 1TW,JC
SM1 3DT,JD
SM1 3LY,JD
SM1 3LZ,JD
SM1 3NA,JD
SM1 3NB,JD
SM1 3ND,JD
SM1 3NE,JD
SM1 3NF,JD
SM1 3NG,JD
SM1 3NH,JD
SM1 3NJ,JD
SM1 3NL,JD
SM1 3NN,JD
SM1 3NQ,JD
SM1 3NW,JD
SM1 3NY,JD
SM1 3PA,JD
SM1 3PB,JD
SM1 3PD,JD
SM5 1AA,JD
SM5 1NH,JD
SM5 1NJ,JD
SM5 1NN,JD
SM5 1NQ,JD
SM5 1NR,JD
SM5 1NU,JD
SM5 1NW,JD
SM5 1NX,JD
SM5 1PL,JD
SM5 1PN,JD
SM5 1PQ,JD
SM5 1PR,JD
SM5 1PW,JD
SM5 1QE,JD
SM5 1QF,JD
SM5 1QG,JD
SM5 1QH,JD
SM5 1QJ,JD
SM5 1QL,JD
SM5 1QN,JD
SM5 1QP,JD
SM5 1QQ,JD
SM5 1QR,JD
SM5 1QS,JD
SM5 1QT,JD
SM5 1QU,JD
SM5 1QW,JD
SM5 1QX,JD
SM5 1RB,JD
SM5 1RD,JD
SM5 1RE,JD
SM5 1RF,JD
SM5 1RG,JD
SM5 1RH,JD
SM5 1RN,JD
SM5 1RQ,JD
SM5 1RR,JD
SM5 1RS,JD
SM5 1RT,JD
SM5 1RU,JD
SM5 1RW,JD
SM5 1RZ,JD
SM5 1TA,JD
SM5 1TB,JD
SM5 1TD,JD
SM5 1TE,JD
SM5 1TF,JD
SM5 1TG,JD
SM5 1TH,JD
SM5 1TJ,JD
SM5 1TQ,JD
SM5 1TR,JD
SM5 1TS,JD
SM5 1TU,JD
SM5 1TX,JD
SM5 1TZ,JD
SM5 1UA,JD
SM5 2EQ,JD
SM5 2ER,JD
SM5 2ET,JD
SM5 2RT,JD
SM5 2RU,JD
SM5 2RX,JD
SM5 2SB,JD
SM5 2SD,JD
SM5 2SE,JD
SM5 2SF,JD
SM5 2SH,JD
SM5 2SJ,JD
SM5 2SN,JD
SM5 2SP,JD
SM5 2SR,JD
SM5 2SS,JD
SM5 2SU,JD
SM5 2SW,JD
SM5 2SZ,JD
SM5 1SQ,KA
SM5 1NA,KA
SM5 1EZ,KA
SM5 1HE,KA
SM5 1HH,KA
SM5 1HJ,KA
SM5 1HU,KA
SM5 1HX,KA
SM5 1HZ,KA
SM5 1JJ,KA
SM5 1JP,KA
SM5 1JR,KA
SM5 1JW,KA
SM5 1LG,KA
SM5 1BZ,KA
SM5 1DA,KA
SM5 1DB,KA
SM5 1DD,KA
SM5 1DS,KA
SM5 1DT,KA
SM5 1DZ,KA
SM5 1EA,KA
SM5 1EE,KA
SM5 1EH,KA
SM5 1EJ,KA
SM5 1EL,KA
SM5 1EN,KA
SM5 1EP,KA
SM5 1EQ,KA
SM5 1ER,KA
SM5 1ES,KA
SM5 1EW,KA
SM5 1EX,KA
SM5 1EY,KA
SM5 1AL,KA
SM4 6EB,KA
SM4 6AP,KA
SM4 6AS,KA
SM4 6AZ,KA
SM4 6BA,KA
SM4 6BE,KA
SM4 6BF,KA
SM4 6BG,KA
SM4 6BH,KA
SM4 6BJ,KA
SM4 6BQ,KA
SM4 6BZ,KA
SM4 6DA,KA
CR4 4TQ,KA
CR4 4UY,KA
CR4 4HR,KA
SM5 1DR,KB
SM5 1DS,KB
SM5 1DT,KB
SM5 1DZ,KB
SM5 1EA,KB
SM5 1HA,KB
SM5 1HH,KB
SM5 1HJ,KB
SM5 1HL,KB
SM5 1HN,KB
SM5 1HP,KB
SM5 1HR,KB
SM5 1HS,KB
SM5 1HT,KB
SM5 1HW,KB
SM5 1JB,KB
SM5 1JD,KB
SM5 1JE,KB
SM5 1JF,KB
SM5 1JG,KB
SM5 1JH,KB
SM5 1JJ,KB
SM5 1JL,KB
SM5 1JN,KB
SM5 1JQ,KB
SM5 1JU,KB
SM5 1JW,KB
SM5 1JX,KB
SM5 1JY,KB
SM5 1JZ,KB
SM5 1LA,KB
SM5 1LB,KB
SM5 1LD,KB
SM5 1LE,KB
SM5 1LF,KB
SM5 1LG,KB
SM5 1LQ,KB
SM5 1LZ,KB
SM5 1NA,KB
SM5 1NB,KB
SM5 1ND,KB
SM5 1NF,KB
SM5 1NG,KB
SM5 1NT,KB
SM5 1SA,KB
SM5 1SB,KB
SM5 1SG,KB
SM5 1SQ,KB
SM5 1TP,KB
SM5 1TW,KB
SM5 2SP,KC
SM5 2BY,KC
SM5 2BZ,KC
SM5 1TH,KC
SM5 1TJ,KC
SM5 1TP,KC
SM5 1TS,KC
SM5 2AG,KC
SM5 1LN,KC
SM5 1LR,KC
SM5 1LT,KC
SM5 1LU,KC
SM5 1LW,KC
SM5 1LX,KC
SM5 1LY,KC
SM5 1ND,KC
SM5 1NE,KC
SM5 1NF,KC
SM5 1NG,KC
SM5 1NT,KC
SM5 1NU,KC
SM5 1NX,KC
SM5 1NY,KC
SM5 1NZ,KC
SM5 1PD,KC
SM5 1PE,KC
SM5 1PF,KC
SM5 1PG,KC
SM5 1PH,KC
SM5 1PQ,KC
SM5 1HT,KC
SM5 1HU,KC
SM5 1HX,KC
SM5 1HZ,KC
SM5 1JA,KC
SM5 1JB,KC
SM5 1JD,KC
SM5 1LJ,KC
SM5 1DF,KC
SM5 1DG,KC
SM5 1DH,KC
SM5 1DN,KC
SM5 1DP,KC
SM5 1DR,KC
SM5 1DS,KC
SM5 1DW,KC
CR4 4FD,KC
CR4 4FF,KC
CR4 4HW,KC
CR4 4HZ,KC
CR4 4AN,KC
CR4 4AP,KC
CR4 4AR,KC
CR4 4AS,KC
CR4 4AT,KC
CR4 4AU,KC
CR4 4AW,KC
CR4 4AX,KC
CR4 4AY,KC
CR4 4AZ,KC
SM6 7FJ,KD
SM6 7HA,KD
SM6 7HB,KD
SM6 7HD,KD
SM6 7HF,KD
SM6 7HH,KD
SM6 7HJ,KD
SM6 7HL,KD
SM6 7HN,KD
SM6 7HP,KD
SM6 7HQ,KD
SM6 7HW,KD
SM6 7JJ,KD
SM6 7JR,KD
SM6 7JU,KD
SM6 7AX,KD
SM6 7AY,KD
SM6 7AZ,KD
SM6 7BA,KD
SM6 7BB,KD
SM6 7BD,KD
SM6 7BG,KD
SM6 7BH,KD
SM6 7BJ,KD
SM6 7BQ,KD
SM6 7BZ,KD
SM6 7DA,KD
SM6 7DE,KD
SM6 7DF,KD
SM6 7EL,KD
SM6 7EN,KD
SM6 7EP,KD
SM6 7EQ,KD
SM6 7ER,KD
SM6 7ET,KD
SM6 7AH,KD
SM6 7AP,KD
SM6 7AR,KD
SM6 7AU,KD
SM5 2NE,KD
SM5 2NH,KD
SM5 2FD,KD
SM5 2FE,KD
SM5 2DD,KD
SM5 2AT,KD
SM5 2BB,KD
SM5 1PD,KD
SM5 1HX,KD
SM5 1HZ,KD
CR4 4JU,KD
CR4 4JW,KD
CR4 4JX,KD
CR4 4JY,KD
CR4 4JZ,KD
CR4 4LT,KD
CR4 4NP,KD
CR4 4NW,KD
CR4 4FD,KD
CR4 4FE,KD
CR4 4FF,KD
CR4 4HJ,KD
CR4 4HS,KD
CR4 4HT,KD
CR4 4HU,KD
CR4 4HW,KD
CR4 4HY,KD
CR4 4HZ,KD
CR4 4JB,KD
CR4 4JD,KD
CR4 4JE,KD
CR4 4JF,KD
CR4 4JG,KD
CR4 4JH,KD
CR4 4JJ,KD
CR4 4JL,KD
CR4 4JN,KD
CR4 4JP,KD
CR4 4JQ,KD
CR4 4JR,KD
CR4 4JS,KD
CR4 4JT,KD
CR4 4AQ,KD
CR4 4AX,KD
CR4 4AY,KD
SM5 2SB,LA
SM5 2RX,LA
SM5 2RW,LA
SM5 2RU,LA
SM5 2RT,LA
SM5 2RS,LA
SM5 2RR,LA
SM5 2RP,LA
SM5 2RN,LA
SM5 2RL,LA
SM5 2RJ,LA
SM5 2RE,LA
SM5 2RD,LA
SM5 2DG,LA
SM1 3TL,LA
SM1 3RS,LA
SM1 3QW,LA
SM1 3QR,LA
SM1 3QP,LA
SM1 3QN,LA
SM1 3QJ,LA
SM1 3PZ,LA
SM1 3PY,LA
SM1 3PX,LA
SM1 3PW,LA
SM1 3PT,LA
SM1 3PS,LA
SM1 3PQ,LA
SM1 3PN,LA
SM1 3PL,LA
SM1 3PJ,LA
SM1 3PH,LA
SM1 3PG,LA
SM1 3PF,LA
SM1 3PE,LA
SM1 3PD,LA
SM1 3PB,LA
SM1 3PA,LA
SM1 3NZ,LA
SM1 3NY,LA
SM1 3NU,LA
SM1 3NT,LA
SM1 3NJ,LA
SM1 3LY,LA
SM1 3LU,LA
SM1 3DY,LA
SM1 3BW,LA
SM1 3BQ,LA
SM1 3BN,LA
SM1 3BL,LA
SM1 3BJ,LA
SM1 3BH,LA
SM1 3BG,LA
SM1 3BE,LA
SM1 3BA,LA
SM1 3AZ,LA
SM1 3AY,LA
SM1 3AX,LA
SM1 3AW,LA
SM1 3AU,LA
SM1 3AT,LA
SM1 3AS,LA
SM6 7BQ,LB
SM6 7BD,LB
SM6 7AR,LB
SM6 7AP,LB
SM5 2TD,LB
SM5 2SZ,LB
SM5 2SY,LB
SM5 2SX,LB
SM5 2SU,LB
SM5 2ST,LB
SM5 2SS,LB
SM5 2SR,LB
SM5 2SP,LB
SM5 2SL,LB
SM5 2SJ,LB
SM5 2SH,LB
SM5 2SG,LB
SM5 2SF,LB
SM5 2SE,LB
SM5 2SD,LB
SM5 2RW,LB
SM5 2RT,LB
SM5 2RS,LB
SM5 2RR,LB
SM5 2RQ,LB
SM5 2RP,LB
SM5 2RN,LB
SM5 2RL,LB
SM5 2RF,LB
SM5 2RE,LB
SM5 2RD,LB
SM5 2LW,LB
SM5 2LR,LB
SM5 2LP,LB
SM5 2LH,LB
SM5 2HE,LB
SM5 2HD,LB
SM5 2FE,LB
SM5 2FD,LB
SM5 2EZ,LB
SM5 2EY,LB
SM5 2EX,LB
SM5 2EU,LB
SM5 2EF,LB
SM5 2EB,LB
SM5 2EA,LB
SM5 2DY,LB
SM5 2DX,LB
SM5 2DU,LB
SM5 2DT,LB
SM5 2DS,LB
SM5 2DR,LB
SM5 2DP,LB
SM5 2DG,LB
SM5 2DD,LB
SM5 2DA,LB
SM5 2BZ,LB
SM5 2BY,LB
SM5 2BX,LB
SM5 2BW,LB
SM5 2BU,LB
SM5 2BS,LB
SM5 2BQ,LB
SM5 2BP,LB
SM5 2BN,LB
SM5 2BL,LB
SM5 2BJ,LB
SM5 2BH,LB
SM5 2BG,LB
SM5 2BE,LB
SM5 2BD,LB
SM5 2BB,LB
SM5 2BA,LB
SM5 2AZ,LB
SM5 2AY,LB
SM5 2AT,LB
SM5 2AS,LB
SM5 2AR,LB
SM5 2AQ,LB
SM5 2AL,LB
SM5 2AJ,LB
SM5 2AH,LB
SM5 2AG,LB
SM5 2AF,LB
SM5 2AA,LB
SM5 1PF,LB
SM5 1PE,LB
SM5 1PD,LB
SM5 1NZ,LB
SM5 1NX,LB
SM1 3QP,LB
SM1 3PD,LB
CR4 4FF,LB
CR4 4FD,LB
SM6 7EL,LC
SM6 7AU,LC
SM6 7AP,LC
SM6 7AH,LC
SM5 2TH,LC
SM5 2RQ,LC
SM5 2RH,LC
SM5 2RF,LC
SM5 2RE,LC
SM5 2RD,LC
SM5 2RB,LC
SM5 2RA,LC
SM5 2QZ,LC
SM5 2QU,LC
SM5 2QT,LC
SM5 2QS,LC
SM5 2QR,LC
SM5 2QE,LC
SM5 2PW,LC
SM5 2PS,LC
SM5 2PR,LC
SM5 2NT,LC
SM5 2NS,LC
SM5 2NR,LC
SM5 2NQ,LC
SM5 2NP,LC
SM5 2NL,LC
SM5 2NJ,LC
SM5 2NH,LC
SM5 2NG,LC
SM5 2NF,LC
SM5 2NE,LC
SM5 2NB,LC
SM5 2LZ,LC
SM5 2LY,LC
SM5 2LX,LC
SM5 2LW,LC
SM5 2LU,LC
SM5 2LT,LC
SM5 2LS,LC
SM5 2LR,LC
SM5 2LQ,LC
SM5 2LP,LC
SM5 2LN,LC
SM5 2LL,LC
SM5 2LH,LC
SM5 2LG,LC
SM5 2LF,LC
SM5 2LD,LC
SM5 2LA,LC
SM5 2JZ,LC
SM5 2JX,LC
SM5 2JW,LC
SM5 2JT,LC
SM5 2JS,LC
SM5 2JQ,LC
SM5 2JP,LC
SM5 2JN,LC
SM5 2JL,LC
SM5 2JJ,LC
SM5 2JH,LC
SM5 2JG,LC
SM5 2JF,LC
SM5 2JE,LC
SM5 2JD,LC
SM5 2JB,LC
SM5 2JA,LC
SM5 2HT,LC
SM5 2HP,LC
SM5 2HN,LC
SM5 2HJ,LC
SM5 2HH,LC
SM5 2HG,LC
SM5 2HE,LC
SM5 2HD,LC
SM5 2HB,LC
SM5 2HA,LC
SM5 2EZ,LC
SM5 2EY,LC
SM5 2EU,LC
SM5 2ES,LC
SM5 2EP,LC
SM5 2EN,LC
SM5 2EL,LC
SM5 2EJ,LC
SM5 2EH,LC
SM5 2EE,LC
SM5 2ED,LC
SM5 2DZ,LC
SM5 2DW,LC
SM5 2DT,LC
SM5 2DS,LC
SM5 2DR,LC
SM5 2DQ,LC
SM5 2DN,LC
SM5 2DL,LC
SM5 2DH,LC
SM5 2DE,LC
SM5 2DD,LC
SM5 2BF,LC
SM6 7JP,LC
SM6 7EN,LC
SM5 3QJ,MA
SM5 3QD,MA
SM5 2RH,MA
SM5 2RD,MA
SM5 2RA,MA
SM5 2QZ,MA
SM5 2QX,MA
SM5 2QU,MA
SM5 2PW,MA
SM5 2PR,MA
SM5 2PH,MA
SM5 2PA,MA
SM5 2NZ,MA
SM5 2NU,MA
SM5 2NS,MA
SM5 2NP,MA
SM1 4TQ,MA
SM1 4TJ,MA
SM1 4TH,MA
SM1 4TG,MA
SM1 4SQ,MA
SM1 4SJ,MA
SM1 4SH,MA
SM1 4SG,MA
SM1 4SF,MA
SM1 4SE,MA
SM1 4SD,MA
SM1 4SB,MA
SM1 4SA,MA
SM1 4PQ,MA
SM1 4PG,MA
SM1 4NT,MA
SM1 4NQ,MA
SM1 4NG,MA
SM1 4NF,MA
SM1 4NE,MA
SM1 4ND,MA
SM1 4NB,MA
SM1 4LZ,MA
SM1 4LY,MA
SM1 4LX,MA
SM1 4LW,MA
SM1 4LU,MA
SM1 4LT,MA
SM1 4LS,MA
SM1 4LR,MA
SM1 4LP,MA
SM1 4LN,MA
SM1 4LA,MA
SM1 4JZ,MA
SM1 4JY,MA
SM1 4JX,MA
SM1 4JW,MA
SM1 4JU,MA
SM1 4JT,MA
SM1 4JR,MA
SM1 4JP,MA
SM1 4JN,MA
SM1 4JL,MA
SM1 4JH,MA
SM1 4JG,MA
SM1 4JF,MA
SM1 4JE,MA
SM1 4JD,MA
SM1 4HZ,MA
SM1 4HY,MA
SM1 4HX,MA
SM1 4HU,MA
SM1 3RW,MA
SM1 3RQ,MA
SM1 3RG,MA
SM1 3RF,MA
SM1 3RE,MA
SM1 3RD,MA
SM1 3RB,MA
SM1 3RA,MA
SM1 3QW,MA
SM1 3QU,MA
SM1 3QT,MA
SM1 3QS,MA
SM1 3QR,MA
SM1 3QQ,MA
SM1 3QP,MA
SM1 3QN,MA
SM1 3QL,MA
SM1 3QJ,MA
SM1 3QH,MA
SM1 3QG,MA
SM1 3QF,MA
SM1 3QE,MA
SM1 3QD,MA
SM1 3QB,MA
SM1 3BW,MA
SM1 3BQ,MA
SM1 3BJ,MA
SM1 3BH,MA
SM1 3BG,MA
SM1 3AW,MA
SM1 3AT,MA
SM1 3AS,MA
SM5 3SX,MB
SM5 3SW,MB
SM5 3SU,MB
SM5 3ST,MB
SM5 3SS,MB
SM5 3SR,MB
SM5 3SJ,MB
SM5 3SG,MB
SM5 3SF,MB
SM5 3SE,MB
SM5 3SD,MB
SM5 3SB,MB
SM5 3SA,MB
SM5 3RZ,MB
SM5 3RW,MB
SM5 3RU,MB
SM5 3RT,MB
SM5 3RS,MB
SM5 3RR,MB
SM5 3RP,MB
SM5 3RL,MB
SM5 3RJ,MB
SM5 3RF,MB
SM5 3RB,MB
SM5 3RA,MB
SM5 3QZ,MB
SM5 3QY,MB
SM5 3QX,MB
SM5 3QW,MB
SM5 3QU,MB
SM5 3QT,MB
SM5 3QS,MB
SM5 3QR,MB
SM5 3QQ,MB
SM5 3QP,MB
SM5 3QN,MB
SM5 3QJ,MB
SM5 3QH,MB
SM5 3QG,MB
SM5 3QF,MB
SM5 3QE,MB
SM5 3QD,MB
SM5 3QB,MB
SM5 3PZ,MB
SM5 3PY,MB
SM5 3PX,MB
SM5 3PU,MB
SM5 3PT,MB
SM5 3PS,MB
SM5 3PN,MB
SM5 3PL,MB
SM5 3PG,MB
SM5 3NY,MB
SM5 3NW,MB
SM5 3NS,MB
SM5 3NR,MB
SM5 3NP,MB
SM5 3LG,MB
SM5 2QJ,MB
SM5 2QB,MB
SM5 2PW,MB
SM5 2PR,MB
SM5 2PQ,MB
SM5 2PN,MB
SM5 2PG,MB
SM5 2PF,MB
SM5 2PE,MB
SM5 2PB,MB
SM5 2PA,MB
SM5 2NU,MB
SM5 2GN,MB
SM2 5HP,MB
SM2 5EN,MB
SM2 5EL,MB
SM2 5DW,MB
SM2 5DR,MB
SM2 5DP,MB
SM1 4TE,MB
SM1 4SD,MB
SM1 4RY,MB
SM1 4RX,MB
SM1 4PQ,MB
SM1 4PG,MB
SM1 4PF,MB
SM1 4PD,MB
SM1 4PB,MB
SM1 4PA,MB
SM1 4NY,MB
SM1 4JZ,MB
SM1 4JX,MB
SM1 4JU,MB
SM5 3SJ,MC
SM5 3SG,MC
SM5 3SF,MC
SM5 3SE,MC
SM5 3SA,MC
SM5 3RZ,MC
SM5 3RW,MC
SM5 3RU,MC
SM5 3RP,MC
SM5 3RF,MC
SM5 3RE,MC
SM5 3PF,MC
SM5 3PE,MC
SM5 3PD,MC
SM5 3NY,MC
SM5 3NX,MC
SM5 3HF,MC
SM5 3HE,MC
SM5 3HD,MC
SM5 3HA,MC
SM5 3EZ,MC
SM5 3EX,MC
SM5 3EW,MC
SM5 3EU,MC
SM5 3ET,MC
SM5 3ES,MC
SM5 3EP,MC
SM5 3EE,MC
SM5 3ED,MC
SM5 3DZ,MC
SM5 3DY,MC
SM5 3DX,MC
SM5 3DW,MC
SM5 3DT,MC
SM5 3DN,MC
SM5 3DL,MC
SM5 3DH,MC
SM5 3DE,MC
SM5 3DD,MC
SM5 3BZ,MC
SM5 3BY,MC
SM5 3BX,MC
SM5 3BW,MC
SM5 3BS,MC
SM5 3BQ,MC
SM5 3BP,MC
SM5 3BN,MC
SM5 3BL,MC
SM5 3BJ,MC
SM5 3BH,MC
SM5 3BG,MC
SM5 3BB,MC
SM5 3BA,MC
SM5 3AX,MC
SM5 3AT,MC
SM5 3AQ,MC
SM5 3AP,MC
SM5 3AL,MC
SM5 3AE,MC
SM5 2WZ,MC
SM5 2TZ,MC
SM5 2TR,MC
SM5 2TP,MC
SM5 2TN,MC
SM5 2TH,MC
SM5 2TG,MC
SM5 2QJ,MC
SM5 2QG,MC
SM5 2QB,MC
SM5 2QA,MC
SM5 2PZ,MC
SM5 2PY,MC
SM5 2PT,MC
SM5 2PS,MC
SM5 2PR,MC
SM5 2PN,MC
SM5 2LE,MC
SM5 2LD,MC
SM5 2LB,MC
SM5 2LA,MC
SM5 2JZ,MC
SM5 2JY,MC
SM5 2JX,MC
SM5 2JW,MC
SM5 2JT,MC
SM5 2JS,MC
SM5 2JR,MC
SM5 2JP,MC
SM5 2JE,MC
SM5 2JD,MC
SM5 2JB,MC
SM5 2HZ,MC
SM5 2HW,MC
SM5 2HU,MC
SM5 2HT,MC
SM5 2GN,MC
SM5 2AU,MC
SM5 2AN,MC
SM5 2AE,MC
SM5 2AD,MC
SM5 3SW,MC
SM5 3SU,MC
SM5 3ST,MC
SM5 3SS,MC
SM5 3SR,MC
SM5 3SP,MC
SM5 4PQ,NA
SM5 4PG,NA
SM5 4PF,NA
SM5 4PE,NA
SM5 4PD,NA
SM5 4PB,NA
SM5 4PA,NA
SM5 4NZ,NA
SM5 4NY,NA
SM5 4NX,NA
SM5 4NP,NA
SM5 4NJ,NA
SM5 4LZ,NA
SM5 4LY,NA
SM5 4LA,NA
SM5 4JX,NA
SM5 4JW,NA
SM5 4JU,NA
SM5 4JT,NA
SM5 4JS,NA
SM5 4JN,NA
SM5 4JL,NA
SM5 4JJ,NA
SM5 4JH,NA
SM5 4JA,NA
SM5 4HZ,NA
SM5 4HW,NA
SM5 4HQ,NA
SM5 4HP,NA
SM5 4HN,NA
SM5 4HL,NA
SM5 4HD,NA
SM5 4HB,NA
SM5 4HA,NA
SM5 4EW,NA
SM5 4ES,NA
SM5 4EQ,NA
SM5 4EN,NA
SM5 4EL,NA
SM5 4EJ,NA
SM5 4EH,NA
SM5 4EG,NA
SM5 4EA,NA
SM5 4DW,NA
SM5 4DT,NA
SM5 4DP,NA
SM5 4AN,NA
SM5 4AG,NA
SM5 4AF,NA
SM5 3SE,NA
SM5 3RA,NA
SM5 3NW,NA
SM5 3NQ,NA
SM5 3NP,NA
SM5 3NL,NA
SM5 3NJ,NA
SM5 3NH,NA
SM5 3NG,NA
SM5 3NF,NA
SM5 3LW,NA
SM5 3LS,NA
SM5 3LQ,NA
SM5 3LN,NA
SM5 3LL,NA
SM5 3LJ,NA
SM5 3LG,NA
SM5 3LF,NA
SM5 3LB,NA
SM5 3JX,NA
SM5 3JW,NA
SM5 3JU,NA
SM5 3JP,NA
SM2 5LF,NA
SM2 5LE,NA
SM2 5LD,NA
SM2 5LB,NA
SM2 5HZ,NA
SM2 5HY,NA
SM2 5HX,NA
SM6 0TN,NB
SM5 4QQ,NB
SM5 4QL,NB
SM5 4QJ,NB
SM5 4QH,NB
SM5 4QE,NB
SM5 4QB,NB
SM5 4PY,NB
SM5 4PT,NB
SM5 4PS,NB
SM5 4PP,NB
SM5 4PL,NB
SM5 4PH,NB
SM5 4PB,NB
SM5 4PA,NB
SM5 4NQ,NB
SM5 4NP,NB
SM5 4NL,NB
SM5 4NJ,NB
SM5 4NH,NB
SM5 4NG,NB
SM5 4NB,NB
SM5 4NA,NB
SM5 4LZ,NB
SM5 4LY,NB
SM5 4LX,NB
SM5 4LW,NB
SM5 4LU,NB
SM5 4LT,NB
SM5 4LS,NB
SM5 4LR,NB
SM5 4LQ,NB
SM5 4LP,NB
SM5 4LN,NB
SM5 4LL,NB
SM5 4LJ,NB
SM5 4LH,NB
SM5 4LG,NB
SM5 4LF,NB
SM5 4LE,NB
SM5 4LD,NB
SM5 4LB,NB
SM5 4HE,NB
SM5 4EF,NB
SM5 4EA,NB
SM5 4DT,NB
SM5 4AU,NB
SM5 4AP,NB
SM5 4AE,NB
SM5 4AA,NB
SM5 3SF,NB
SM5 3SE,NB
SM5 3RG,NB
SM5 3RF,NB
SM5 3RE,NB
SM5 3ND,NB
SM5 3NA,NB
SM5 3LZ,NB
SM5 3LY,NB
SM5 3LW,NB
SM5 3LT,NB
SM5 3LS,NB
SM5 3LG,NB
SM5 3LF,NB
SM5 3JZ,NB
SM5 3JW,NB
SM5 3JR,NB
SM5 3JP,NB
SM5 3JN,NB
SM5 3JL,NB
SM5 3JJ,NB
SM5 3JH,NB
SM5 3JG,NB
SM5 3JF,NB
SM5 3JE,NB
SM5 3JD,NB
SM5 3JB,NB
SM5 3JA,NB
SM5 3HZ,NB
SM5 3HY,NB
SM5 3HX,NB
SM5 3HQ,NB
SM5 3HP,NB
SM5 3HN,NB
SM5 3EZ,NB
SM5 3EX,NB
SM5 3EW,NB
SM5 3EU,NB
SM5 3ET,NB
SM5 3ES,NB
SM5 3EP,NB
SM5 3EN,NB
SM5 3EJ,NB
SM5 3DY,NB
SM5 3BZ,NB
SM7 3JF,NC
SM7 3JE,NC
SM7 3JA,NC
SM7 3HZ,NC
SM7 3HY,NC
SM7 3DX,NC
SM7 3BQ,NC
SM7 3BE,NC
SM7 3BA,NC
SM7 3AU,NC
SM7 3AT,NC
SM6 0UL,NC
SM6 0SW,NC
SM6 0SU,NC
SM6 0SR,NC
SM6 0SH,NC
SM6 0RA,NC
SM6 0QQ,NC
SM6 0QN,NC
SM6 0QH,NC
SM6 0QG,NC
SM6 0QE,NC
SM5 4QE,NC
SM5 4QB,NC
SM5 4PX,NC
SM5 4JF,NC
SM5 4JA,NC
SM5 4HQ,NC
SM5 4HE,NC
SM5 4HD,NC
SM5 4HA,NC
SM5 4ES,NC
SM5 4DT,NC
SM5 4DH,NC
SM5 4DD,NC
SM5 4BY,NC
SM5 4BX,NC
SM5 4BP,NC
SM5 4BJ,NC
SM5 4BE,NC
SM5 4AZ,NC
SM5 4AU,NC
SM5 4AP,NC
SM5 4AN,NC
SM5 4AL,NC
SM5 4AG,NC
SM2 5PJ,NC
CR8 3PZ,NC
CR8 3PY,NC
CR8 3PB,NC
CR8 3PA,NC
CR8 3NP,NC
CR8 3NN,NC
CR8 3NJ,NC
CR8 3ND,NC
CR8 3DH,NC
CR5 2XN,NC
CR5 2XL,NC
CR5 2QU,NC
CR5 2QR,NC
CR5 2QG,NC
SM5 4DD,ND
SM5 4BY,ND
CR8 3NS,ND
CR8 3NL,ND
CR8 3ND,ND
CR8 3DN,ND
CR8 3DH,ND
CR5 3JA,ND
CR5 2ZP,ND
CR5 2XN,ND
CR5 2XL,ND
CR5 2QZ,ND
CR5 2QY,ND
CR5 2QX,ND
CR5 2QW,ND
CR5 2QU,ND
CR5 2QS,ND
CR5 2QR,ND
CR5 2QQ,ND
CR5 2QP,ND
CR5 2QL,ND
CR5 2QJ,ND
CR5 2QH,ND
CR5 2QG,ND
CR5 2QF,ND
CR5 2QE,ND
CR5 2QD,ND
CR5 2QB,ND
CR5 2QA,ND
CR5 2PZ,ND
CR5 2PY,ND
CR5 2PX,ND
CR5 2PW,ND
CR5 2PU,ND
CR5 2PT,ND
CR5 2PS,ND
CR5 2PR,ND
CR5 2PQ,ND
CR5 2PP,ND
CR5 2PN,ND
CR5 2PL,ND
CR5 2PJ,ND
CR5 2PF,ND
CR5 2PE,ND
CR5 2PD,ND
CR5 2PB,ND
CR5 2PA,ND
CR5 2EN,ND
CR5 2EJ,ND
CR5 2EG,ND
CR5 2EF,ND
CR5 2DY,ND
CR5 2DX,ND
CR5 2DU,ND
CR5 2DQ,ND
CR5 2DL,ND
CR5 2DF,ND
CR5 2AP,ND
SM6 7NR,OA
SM6 7NS,OA
SM6 7NT,OA
SM6 7NU,OA
SM6 7NX,OA
SM6 7NY,OA
SM6 7PD,OA
SM6 7PF,OA
SM6 7EW,OA
SM6 7EX,OA
SM6 7GH,OA
SM6 7HE,OA
SM6 7HX,OA
SM6 7HY,OA
SM6 7HZ,OA
SM6 7JA,OA
SM6 7JB,OA
SM6 7JD,OA
SM6 7JE,OA
SM6 7JF,OA
SM6 7JG,OA
SM6 7JH,OA
SM6 7JL,OA
SM6 7JN,OA
SM6 7JP,OA
SM6 7JQ,OA
SM6 7JS,OA
SM6 7JT,OA
SM6 7JW,OA
SM6 7JY,OA
SM6 7JZ,OA
SM6 7LA,OA
SM6 7BJ,OA
SM6 7BP,OA
SM6 7BS,OA
SM6 7BT,OA
SM6 7BW,OA
SM6 7BY,OA
SM6 7DB,OA
SM6 7DD,OA
SM6 7DG,OA
SM6 7DH,OA
SM6 7DJ,OA
SM6 7DN,OA
SM6 7DQ,OA
SM6 7DR,OA
SM6 7DT,OA
SM6 7DU,OA
SM6 7DW,OA
SM6 7EA,OA
SM6 7EF,OA
SM6 7EG,OA
SM6 7EJ,OA
SM6 7EN,OA
SM6 7EP,OA
SM6 7EQ,OA
SM6 7ER,OA
SM6 7ET,OA
SM6 7AG,OA
SM5 3AB,OA
SM5 2TG,OA
SM5 2TJ,OA
SM5 2TL,OA
SM5 2TN,OA
SM5 2TP,OA
SM5 2TQ,OA
SM5 2TR,OA
SM5 2TS,OA
SM5 2TT,OA
SM5 2TU,OA
SM5 2TW,OA
SM5 2TX,OA
SM5 2TY,OA
SM5 2TZ,OA
SM5 3AA,OA
SM5 2LE,OA
SM5 2JT,OA
SM5 2AD,OA
SM5 2AE,OA
SM5 2AU,OA
SM6 8BQ,OB
SM6 8BP,OB
SM6 8BN,OB
SM6 8BL,OB
SM6 8BJ,OB
SM6 8BG,OB
SM6 8BF,OB
SM6 8BD,OB
SM6 8BB,OB
SM6 8BA,OB
SM6 8AZ,OB
SM6 8AY,OB
SM6 8AX,OB
SM6 8AW,OB
SM6 8AU,OB
SM6 8AT,OB
SM6 8AR,OB
SM6 8AQ,OB
SM6 8AP,OB
SM6 8AN,OB
SM6 8AL,OB
SM6 8AJ,OB
SM6 8AH,OB
SM6 8AG,OB
SM6 8AF,OB
SM6 8AE,OB
SM6 8AB,OB
SM6 8AA,OB
SM6 7PJ,OB
SM6 7PF,OB
SM6 7PD,OB
SM6 7PB,OB
SM6 7NY,OB
SM6 7NX,OB
SM6 7NU,OB
SM6 7NR,OB
SM6 0UA,OB
SM6 0TZ,OB
SM6 0TY,OB
SM6 0TX,OB
SM6 0TW,OB
SM6 0TU,OB
SM6 0TT,OB
SM6 0TN,OB
SM6 0TL,OB
SM6 0NN,OB
SM6 0JY,OB
SM6 0JQ,OB
SM6 0JG,OB
SM6 0HW,OB
SM6 0EW,OB
SM6 0EP,OB
SM6 0EN,OB
SM6 0EL,OB
SM6 0EG,OB
SM6 0EF,OB
SM6 0EB,OB
SM6 0DZ,OB
SM6 0DW,OB
SM6 0DS,OB
SM6 0DE,OB
SM6 0DD,OB
SM6 0BY,OB
SM6 0BX,OB
SM6 0BW,OB
SM6 0BQ,OB
SM6 0BG,OB
SM6 0BE,OB
SM6 0BD,OB
SM6 0BB,OB
SM6 0BA,OB
SM6 0AZ,OB
SM6 0AY,OB
SM6 0AX,OB
SM6 0AW,OB
SM6 0AU,OB
SM6 0AS,OB
SM6 0AQ,OB
SM6 0AN,OB
SM6 0AH,OB
SM6 0AG,OB
SM6 0AE,OB
SM6 0AD,OB
SM6 0AB,OB
SM6 0AA,OB
SM5 3EH,OB
SM5 3EF,OB
SM5 3EE,OB
SM5 3ED,OB
SM5 3DY,OB
SM5 3DX,OB
SM5 3DT,OB
SM5 3DN,OB
SM5 3DL,OB
SM5 3DH,OB
SM5 3AE,OB
SM5 3AB,OB
SM5 3AA,OB
SM5 2TZ,OB
SM5 2AU,OB
SM6 8TG,OB
SM6 8TF,OB
SM6 8TE,OB
SM6 8TB,OB
SM6 8SY,OB
SM6 8SW,OB
SM6 8SQ,OB
SM6 8SN,OB
SM6 8SL,OB
SM6 8SJ,OB
SM6 8SH,OB
SM6 8SF,OB
SM6 8SE,OB
SM6 8QU,OB
SM6 8QF,OB
SM6 8BY,OB
SM6 8BX,OB
SM6 8BW,OB
SM6 8BT,OB
SM6 8BS,OB
SM6 8QT,OC
SM6 8QW,OC
SM6 8SH,OC
SM6 8SP,OC
SM6 8SR,OC
SM6 8SS,OC
SM6 8ST,OC
SM6 8SU,OC
SM6 8SW,OC
SM6 8SX,OC
SM6 8QP,OC
SM6 8LF,OC
SM6 8DG,OC
SM6 8DH,OC
SM6 8DN,OC
SM6 8DP,OC
SM6 8DQ,OC
SM6 8DR,OC
SM6 8DS,OC
SM6 8DT,OC
SM6 8DX,OC
SM6 8DY,OC
SM6 8EJ,OC
SM6 8EP,OC
SM6 8ER,OC
SM6 8EU,OC
SM6 8EX,OC
SM6 8EY,OC
SM6 8EZ,OC
SM6 8AB,OC
SM6 8AD,OC
SM6 8AE,OC
SM6 8AF,OC
SM6 8AG,OC
SM6 8AP,OC
SM6 8AQ,OC
SM6 8AR,OC
SM6 8BA,OC
SM6 8BE,OC
SM6 8BF,OC
SM6 8BJ,OC
SM6 8BN,OC
SM6 8BP,OC
SM6 8BS,OC
SM6 8BT,OC
SM6 8BU,OC
SM6 8BW,OC
SM6 8BY,OC
SM6 8BZ,OC
SM6 8DD,OC
SM6 8DE,OC
SM6 8DF,OC
SM6 7LF,OC
SM6 7LG,OC
SM6 7LJ,OC
SM6 7LN,OC
SM6 7LP,OC
SM6 7LQ,OC
SM6 7LR,OC
SM6 7LW,OC
SM6 7NL,OC
SM6 7PD,OC
SM6 7PF,OC
SM6 7PH,OC
SM6 7PJ,OC
SM6 7LA,OC
SM6 7LB,OC
SM6 7LD,OC
SM6 7LE,OC
SM6 7BT,OC
SM6 7BW,OC
SM6 7BY,OC
SM6 7DJ,OC
SM6 7DQ,OC
SM6 7ED,OC
SM6 9PG,PA
SM6 8QL,PA
SM6 0UB,PA
SM6 0TP,PA
SM6 0TH,PA
SM6 0TF,PA
SM6 0TE,PA
SM6 0TD,PA
SM6 0TB,PA
SM6 0TA,PA
SM6 0SZ,PA
SM6 0SY,PA
SM6 0SX,PA
SM6 0SN,PA
SM6 0SF,PA
SM6 0SE,PA
SM6 0SD,PA
SM6 0SB,PA
SM6 0SA,PA
SM6 0RZ,PA
SM6 0PZ,PA
SM6 0PY,PA
SM6 0PW,PA
SM6 0PS,PA
SM6 0PR,PA
SM6 0PN,PA
SM6 0PL,PA
SM6 0PF,PA
SM6 0PD,PA
SM6 0PA,PA
SM6 0NW,PA
SM6 0NR,PA
SM6 0NN,PA
SM6 0NJ,PA
SM6 0NG,PA
SM6 0NF,PA
SM6 0NB,PA
SM6 0LY,PA
SM6 0LT,PA
SM6 0JQ,PA
SM6 0JG,PA
SM6 0JF,PA
SM6 0JE,PA
SM6 0JD,PA
SM6 0JB,PA
SM6 0HY,PA
SM6 0HW,PA
SM6 0HU,PA
SM6 0HS,PA
SM6 0HR,PA
SM6 0HP,PA
SM6 0HN,PA
SM6 0HL,PA
SM6 0HJ,PA
SM6 0HH,PA
SM6 0HG,PA
SM6 0HD,PA
SM6 0HA,PA
SM6 0EU,PA
SM6 0ET,PA
SM6 0ES,PA
SM6 0DZ,PA
SM5 4QL,PA
SM5 4PW,PA
SM5 4PP,PA
SM5 4PN,PA
SM5 4PL,PA
SM5 4AD,PA
SM5 4AA,PA
SM5 3HZ,PA
SM5 3HX,PA
SM5 3HW,PA
SM5 3HT,PA
SM5 3HQ,PA
SM5 3HP,PA
SM5 3HN,PA
SM5 3HL,PA
SM5 3HG,PA
SM5 3DY,PA
SM6 9QG,PB
SM6 9QH,PB
SM6 9QJ,PB
SM6 9QL,PB
SM6 9QN,PB
SM6 9QQ,PB
SM6 9QW,PB
SM6 9NX,PB
SM6 9PG,PB
SM6 9PH,PB
SM6 9PJ,PB
SM6 9PL,PB
SM6 9PN,PB
SM6 9PP,PB
SM6 9PR,PB
SM6 9PS,PB
SM6 9PT,PB
SM6 9PU,PB
SM6 9PW,PB
SM6 9AA,PB
SM6 9AG,PB
SM6 9AJ,PB
SM6 9AN,PB
SM6 9AQ,PB
SM6 9AR,PB
SM6 9AT,PB
SM6 9AX,PB
SM6 9BE,PB
SM6 8QU,PB
SM6 8QW,PB
SM6 8QX,PB
SM6 8QZ,PB
SM6 8RA,PB
SM6 8RE,PB
SM6 8RF,PB
SM6 8RG,PB
SM6 8RH,PB
SM6 8RP,PB
SM6 8RW,PB
SM6 8SE,PB
SM6 8SN,PB
SM6 8SW,PB
SM6 8PX,PB
SM6 8PZ,PB
SM6 8QB,PB
SM6 8QD,PB
SM6 8QE,PB
SM6 8QF,PB
SM6 8QG,PB
SM6 8QJ,PB
SM6 8QL,PB
SM6 8QN,PB
SM6 0QX,PB
SM6 0LT,PB
SM6 0LY,PB
SM6 0NF,PB
SM6 0NG,PB
SM6 0NJ,PB
SM6 0NN,PB
SM6 0NR,PB
SM6 0NW,PB
SM6 0PA,PB
SM6 0PD,PB
SM6 0PF,PB
SM6 0PL,PB
SM6 0PN,PB
SM6 0PP,PB
SM6 0PR,PB
SM6 0PS,PB
SM6 0PW,PB
SM6 0PY,PB
SM6 0PZ,PB
SM6 0JY,PB
SM6 0LG,PB
SM6 9QR,PC
SM6 9QT,PC
SM6 9QU,PC
SM6 9QY,PC
SM6 9QZ,PC
SM6 9RA,PC
SM6 9RH,PC
SM6 9RJ,PC
SM6 9RL,PC
SM6 9RN,PC
SM6 9RP,PC
SM6 9RU,PC
SM6 9RW,PC
SM6 9PJ,PC
SM6 9PL,PC
SM6 9PN,PC
SM6 9AP,PC
SM6 9AR,PC
SM6 9AS,PC
SM6 9AT,PC
SM6 9AU,PC
SM6 9AX,PC
SM6 9AY,PC
SM6 9BN,PC
SM6 9BS,PC
SM6 9BT,PC
SM6 9BW,PC
SM6 8QT,PC
SM6 8QW,PC
SM6 8SP,PC
SM6 8SS,PC
SM6 8TH,PC
SM6 8TJ,PC
SM6 8PP,PC
SM6 8PR,PC
SM6 8PS,PC
SM6 8PT,PC
SM6 8PU,PC
SM6 8PW,PC
SM6 8PX,PC
SM6 8PY,PC
SM6 8PZ,PC
SM6 8QA,PC
SM6 8QB,PC
SM6 8QN,PC
SM6 8QP,PC
SM6 8QQ,PC
SM6 8QR,PC
SM6 8QS,PC
SM6 8LD,PC
SM6 8LE,PC
SM6 8LF,PC
SM6 8EE,PC
SM6 9RQ,PD
SM6 9RJ,PD
SM6 9RH,PD
SM6 9RF,PD
SM6 9RA,PD
SM6 9QG,PD
SM6 9QF,PD
SM6 9QE,PD
SM6 9QD,PD
SM6 9QB,PD
SM6 9QA,PD
SM6 9PZ,PD
SM6 9PY,PD
SM6 9PX,PD
SM6 9PW,PD
SM6 9PU,PD
SM6 9PT,PD
SM6 9PN,PD
SM6 9NY,PD
SM6 9NX,PD
SM6 9NW,PD
SM6 9NU,PD
SM6 9NT,PD
SM6 9NS,PD
SM6 9NR,PD
SM6 9NN,PD
SM6 0UB,PD
SM6 0TQ,PD
SM6 0TP,PD
SM6 0TH,PD
SM6 0TG,PD
SM6 0TF,PD
SM6 0TE,PD
SM6 0TB,PD
SM6 0SU,PD
SM6 0SA,PD
SM6 0RZ,PD
SM6 0RX,PD
SM6 0RW,PD
SM6 0RU,PD
SM6 0RT,PD
SM6 0RQ,PD
SM6 0RL,PD
SM6 0RJ,PD
SM6 0RG,PD
SM6 0RD,PD
SM6 0RA,PD
SM6 0QZ,PD
SM6 0QY,PD
SM6 0QU,PD
SM6 0QT,PD
SM6 0QS,PD
SM6 0QR,PD
SM6 0QL,PD
SM6 0QJ,PD
SM6 0QF,PD
SM6 0QD,PD
SM6 0QB,PD
SM6 0QA,PD
SM6 0PX,PD
SM6 0PU,PD
SM6 0PQ,PD
SM6 0PP,PD
SM6 0PJ,PD
SM6 0PH,PD
SM6 0PG,PD
SM6 0PE,PD
SM6 0PD,PD
SM6 0PB,PD
SM6 0PA,PD
SM6 0NZ,PD
SM5 4QQ,PD
SM5 4QL,PD
SM5 4QE,PD
SM5 4QB,PD
SM5 4PX,PD
SM5 4PW,PD
SM5 4PU,PD
SM5 4PT,PD
SM5 4PS,PD
SM5 4PR,PD
SM5 4PP,PD
SM5 4AB,PD
SM5 4AA,PD
SM6 7NN,QA
SM6 7JU,QA
SM6 7JR,QA
SM6 7HL,QA
SM6 7HJ,QA
SM6 7HA,QA
SM6 7BJ,QA
CR4 4JG,QA
CR4 4JE,QA
CR4 4JB,QA
CR4 4HS,QA
CR4 4HN,QA
CR4 4HJ,QA
CR0 4YZ,QA
CR0 4XZ,QA
CR0 4XN,QA
CR0 4XH,QA
CR0 4WP,QA
CR0 4UY,QA
CR0 4UX,QA
CR0 4TS,QA
CR0 4TR,QA
CR0 4TQ,QA
CR0 4TP,QA
CR0 4TN,QA
CR0 4TF,QA
CR0 4TE,QA
CR0 4TD,QA
CR0 3YH,QA
CR0 3GT,QA
CR0 3GS,QA
CR0 3GR,QA
CR0 3DY,QA
CR0 3DX,QA
CR0 3DH,QA
CR0 3DD,QA
CR0 3AT,QA
CR0 3AS,QA
CR0 3AR,QA
CR0 3AQ,QA
CR0 3AN,QA
CR0 3AH,QA
CR0 3AG,QA
CR0 3AF,QA
CR0 3AD,QA
CR0 3AB,QA
SM6 7LZ,QB
SM6 7LY,QB
SM6 7LX,QB
SM6 7LH,QB
SM6 7HN,QB
SM6 7HA,QB
SM6 7GH,QB
SM6 7ET,QB
SM6 7EA,QB
SM6 7BW,QB
SM6 7BJ,QB
SM6 7AW,QB
SM6 7AQ,QB
SM6 7AL,QB
SM6 7AF,QB
SM6 7AE,QB
CR4 4HS,QB
CR0 4ZS,QB
CR0 4YZ,QB
CR0 4YY,QB
CR0 4YX,QB
CR0 4YL,QB
CR0 4YJ,QB
CR0 4YG,QB
CR0 4YA,QB
CR0 4XZ,QB
CR0 4XY,QB
CR0 4XX,QB
CR0 4XS,QB
CR0 4XQ,QB
CR0 4XH,QB
CR0 4XB,QB
CR0 4WP,QB
CR0 4UQ,QB
CR0 4UN,QB
CR0 4UL,QB
CR0 4UJ,QB
CR0 4UH,QB
CR0 4UG,QB
CR0 4UF,QB
CR0 4UE,QB
CR0 4UD,QB
CR0 4UB,QB
CR0 4UA,QB
CR0 4TY,QB
CR0 4TX,QB
CR0 4TW,QB
CR0 4TT,QB
CR0 4TJ,QB
CR0 4TH,QB
CR0 4TG,QB
CR0 4TD,QB
CR0 4TB,QB
CR0 4TA,QB
CR0 4SZ,QB
CR0 4SY,QB
CR0 4SX,QB
CR0 4SW,QB
CR0 4SU,QB
CR0 4ST,QB
CR0 4SS,QB
CR0 4SR,QB
CR0 4SQ,QB
CR0 4SP,QB
CR0 4SN,QB
CR0 4SL,QB
CR0 4SJ,QB
CR0 4SH,QB
CR0 4SG,QB
CR0 4SF,QB
CR0 4SE,QB
CR0 4SD,QB
CR0 4SB,QB
CR0 4SA,QB
CR0 4QJ,QB
CR0 4QG,QB
CR0 4QF,QB
CR0 4QE,QB
CR0 4PW,QB
CR0 4PU,QB
CR0 4PT,QB
CR0 4PS,QB
CR0 4PR,QB
CR0 4PQ,QB
CR0 4PP,QB
CR0 4PN,QB
CR0 4PL,QB
CR0 4PJ,QB
CR0 4PH,QB
CR0 4PG,QB
CR0 4PF,QB
CR0 4PE,QB
CR0 4PD,QB
CR0 4PB,QB
CR0 4AQ,QB
CR0 4AL,QB
CR0 4AH,QB
CR0 4AD,QB
CR0 4AB,QB
SM6 8JB,QB
SM6 7NQ,QB
SM6 7NP,QB
SM6 7NN,QB
SM6 7NJ,QB
SM6 7NG,QB
SM6 7NF,QB
SM6 7NE,QB
SM6 7ND,QB
SM6 7NB,QB
SM6 7NA,QB
SM6 8ST,QC
SM6 8LQ,QC
SM6 8LG,QC
SM6 8LF,QC
SM6 8JQ,QC
SM6 8JF,QC
SM6 8JE,QC
SM6 8JD,QC
SM6 8JB,QC
SM6 8JA,QC
SM6 8HZ,QC
SM6 8HY,QC
SM6 8HX,QC
SM6 8HW,QC
SM6 8HS,QC
SM6 8HR,QC
SM6 8HQ,QC
SM6 8HP,QC
SM6 8HN,QC
SM6 8HL,QC
SM6 8HG,QC
SM6 8HF,QC
SM6 8HE,QC
SM6 8HD,QC
SM6 8HB,QC
SM6 8EZ,QC
SM6 8EY,QC
SM6 8EW,QC
SM6 8ET,QC
SM6 8ES,QC
SM6 8EQ,QC
SM6 8EN,QC
SM6 8EL,QC
SM6 8EJ,QC
SM6 8EH,QC
SM6 8EG,QC
SM6 8ED,QC
SM6 8DZ,QC
SM6 8DY,QC
SM6 8DX,QC
SM6 8DT,QC
SM6 8DS,QC
SM6 8DR,QC
SM6 8DH,QC
SM6 7NW,QC
SM6 7NP,QC
SM6 7NN,QC
SM6 7NL,QC
SM6 7NJ,QC
SM6 7NH,QC
SM6 7NE,QC
SM6 7LX,QC
SM6 7LW,QC
SM6 7LU,QC
SM6 7LS,QC
SM6 7LR,QC
SM6 7LQ,QC
SM6 7LP,QC
SM6 7LF,QC
SM6 7EX,QC
SM6 7ED,QC
SM6 7EA,QC
SM6 7BW,QC
SM6 7AW,QC
SM6 7AL,QC
SM6 7AF,QC
SM6 7AE,QC
CR0 4QZ,QC
CR0 4QR,QC
CR0 4PJ,QC
CR0 4PH,QC
SM6 9BS,QD
SM6 8QH,QD
SM6 8PT,QD
SM6 8PS,QD
SM6 8PQ,QD
SM6 8PP,QD
SM6 8PN,QD
SM6 8PL,QD
SM6 8PJ,QD
SM6 8PH,QD
SM6 8PF,QD
SM6 8PD,QD
SM6 8PB,QD
SM6 8NZ,QD
SM6 8NY,QD
SM6 8NX,QD
SM6 8NW,QD
SM6 8NU,QD
SM6 8NT,QD
SM6 8NS,QD
SM6 8NR,QD
SM6 8NQ,QD
SM6 8NP,QD
SM6 8NH,QD
SM6 8NG,QD
SM6 8NF,QD
SM6 8NE,QD
SM6 8ND,QD
SM6 8NB,QD
SM6 8NA,QD
SM6 8LZ,QD
SM6 8LY,QD
SM6 8LX,QD
SM6 8LW,QD
SM6 8LQ,QD
SM6 8LP,QD
SM6 8LN,QD
SM6 8LL,QD
SM6 8LJ,QD
SM6 8LH,QD
SM6 8LG,QD
SM6 8LF,QD
SM6 8LE,QD
SM6 8LD,QD
SM6 8LB,QD
SM6 8LA,QD
SM6 8JZ,QD
SM6 8JY,QD
SM6 8JX,QD
SM6 8JW,QD
SM6 8JT,QD
SM6 8JS,QD
SM6 8JQ,QD
SM6 8JN,QD
SM6 8JH,QD
SM6 8HX,QD
SM6 8HS,QD
SM6 8HQ,QD
CR0 4QZ,QD
CR0 4QY,QD
CR0 4QX,QD
CR0 4QW,QD
CR0 4QU,QD
CR0 4QT,QD
CR0 4QS,QD
CR0 4QR,QD
CR0 4QQ,QD
CR0 4QP,QD
CR0 4QN,QD
CR0 4QL,QD
CR0 4QJ,QD
CR0 4QG,QD
CR0 4QF,QD
CR0 4QE,QD
CR0 4PJ,QD
CR0 4PG,QD
CR0 4PF,QD
CR0 4PE,QD
CR0 4PD,QD
CR0 4PB,QD
CR0 4NP,QD
CR0 4NF,QD
SM6 9RU,RA
SM6 9RT,RA
SM6 9RR,RA
SM6 9RQ,RA
SM6 9RP,RA
SM6 9RH,RA
SM6 9RG,RA
SM6 9RF,RA
SM6 9RE,RA
SM6 9RA,RA
SM6 9QZ,RA
SM6 9QY,RA
SM6 9QX,RA
SM6 9QU,RA
SM6 9QT,RA
SM6 9QR,RA
SM6 9NY,RA
SM6 9NS,RA
SM6 9LW,RA
SM6 9JZ,RA
SM6 9JY,RA
SM6 9JX,RA
SM6 9JW,RA
SM6 9JT,RA
SM6 9JS,RA
SM6 9JP,RA
SM6 9HH,RA
SM6 9GA,RA
SM6 9EN,RA
SM6 9EB,RA
SM6 9EA,RA
SM6 9DZ,RA
SM6 9DY,RA
SM6 9DX,RA
SM6 9DU,RA
SM6 9DT,RA
SM6 9DS,RA
SM6 9DQ,RA
SM6 9DP,RA
SM6 9DN,RA
SM6 9DJ,RA
SM6 9DH,RA
SM6 9DG,RA
SM6 9DE,RA
SM6 9BY,RA
SM6 9BX,RA
SM6 9BU,RA
SM6 9BT,RA
SM6 9BS,RA
SM6 8QH,RA
SM6 8PT,RA
SM6 8PQ,RA
SM6 8PN,RA
SM6 8PL,RA
SM6 8PH,RA
SM6 8PF,RA
SM6 8ND,RA
SM6 8NB,RA
SM6 8LW,RA
SM6 8LU,RA
SM6 8LT,RA
SM6 8LS,RA
SM6 8LR,RA
SM6 8LP,RA
SM6 8LN,RA
SM6 8LA,RA
SM6 8JZ,RA
SM6 8JY,RA
SM6 8JW,RA
SM6 8JT,RA
SM6 8EE,RA
CR0 4TU,RA
CR0 4RW,RA
CR0 4RU,RA
CR0 4RD,RA
CR0 4NH,RA
CR0 4NF,RA
CR0 4GE,RA
SM6 9WY,RB
SM6 9RY,RB
SM6 9RT,RB
SM6 9RS,RB
SM6 9RD,RB
SM6 9RB,RB
SM6 9NZ,RB
SM6 9NL,RB
SM6 9NB,RB
SM6 9NA,RB
SM6 9LS,RB
SM6 9LQ,RB
SM6 9LF,RB
SM6 9LA,RB
SM6 9JZ,RB
SM6 9JY,RB
SM6 9JT,RB
SM6 9JS,RB
SM6 9JR,RB
SM6 9JQ,RB
SM6 9JP,RB
SM6 9JN,RB
SM6 9JL,RB
SM6 9JJ,RB
SM6 9JH,RB
SM6 9HY,RB
SM6 9HX,RB
SM6 9HP,RB
SM6 9HL,RB
SM6 9HJ,RB
SM6 9HH,RB
SM6 9HG,RB
SM6 9HD,RB
SM6 9HB,RB
SM6 9GZ,RB
SM6 9GY,RB
SM6 9GX,RB
SM6 9GW,RB
SM6 9GU,RB
SM6 9GT,RB
SM6 9GS,RB
SM6 9GR,RB
SM6 9GQ,RB
SM6 9GP,RB
SM6 9GN,RB
SM6 9GL,RB
SM6 9GH,RB
SM6 9GG,RB
SM6 9GF,RB
SM6 9GD,RB
SM6 9GB,RB
SM6 9GA,RB
SM6 9FZ,RB
SM6 9FY,RB
SM6 9FX,RB
SM6 9FW,RB
SM6 9FT,RB
SM6 9FS,RB
SM6 9FR,RB
SM6 9FQ,RB
SM6 9FP,RB
SM6 9FN,RB
SM6 9EW,RB
SM6 9ET,RB
SM6 9ES,RB
SM6 9ER,RB
SM6 9EP,RB
SM6 9EN,RB
SM6 9ED,RB
SM6 9DX,RB
SM6 9DS,RB
SM6 9DR,RB
SM6 9DN,RB
SM6 9DL,RB
SM6 9DJ,RB
SM6 9DE,RB
SM6 9BY,RB
SM6 9BP,RB
SM6 9BF,RB
SM6 9AW,RB
SM6 9AF,RB
SM6 9AD,RB
CR8 3QL,RB
CR8 2JW,RB
CR8 2JD,RB
CR2 6DH,RB
CR0 4RW,RB
CR0 4RR,RB
CR0 4RL,RB
SM6 9RT,RC
SM6 9RR,RC
SM6 9RG,RC
SM6 9QD,RC
SM6 9QA,RC
SM6 9PZ,RC
SM6 9PQ,RC
SM6 9PF,RC
SM6 9PE,RC
SM6 9PA,RC
SM6 9NW,RC
SM6 9NT,RC
SM6 9NS,RC
SM6 9NR,RC
SM6 9NQ,RC
SM6 9NP,RC
SM6 9NN,RC
SM6 9NJ,RC
SM6 9NH,RC
SM6 9NG,RC
SM6 9NF,RC
SM6 9NE,RC
SM6 9ND,RC
SM6 9LZ,RC
SM6 9LY,RC
SM6 9LX,RC
SM6 9LW,RC
SM6 9LU,RC
SM6 9LT,RC
SM6 9LR,RC
SM6 9LP,RC
SM6 9LN,RC
SM6 9LL,RC
SM6 9LJ,RC
SM6 9JZ,RC
SM6 9JY,RC
SM6 9JX,RC
SM6 9JU,RC
SM6 9DQ,RC
SM6 0SU,RC
SM6 0QQ,RC
SM6 0QN,RC
SM6 0QH,RC
SM6 0QG,RC
SM6 0QE,RC
SM6 0QD,RC
SM6 0PH,RC
CR8 3PU,RC
CR8 3PR,RC
CR8 3PN,RC
CR8 3PH,RC
CR8 3PB,RC
CR8 3PA,RC
CR8 3NF,RC
SM6 9RY,RD
SM6 9RT,RD
SM6 9PF,RD
SM6 9NL,RD
SM6 9NF,RD
SM6 9NE,RD
SM6 9ND,RD
SM6 9NB,RD
SM6 9NA,RD
SM6 9LS,RD
SM6 9LQ,RD
SM6 9LH,RD
SM6 9LG,RD
SM6 9LF,RD
SM6 9LE,RD
SM6 9LD,RD
SM6 9LB,RD
SM6 9LA,RD
SM6 9GQ,RD
SM6 9GP,RD
SM6 9ED,RD
SM6 0QQ,RD
CR8 3YP,RD
CR8 3QX,RD
CR8 3QW,RD
CR8 3QU,RD
CR8 3QT,RD
CR8 3QS,RD
CR8 3QR,RD
CR8 3QQ,RD
CR8 3QP,RD
CR8 3QL,RD
CR8 3QJ,RD
CR8 3QG,RD
CR8 3QF,RD
CR8 3QE,RD
CR8 3PW,RD
CR8 3PU,RD
CR8 3PT,RD
CR8 3PR,RD
CR8 3PN,RD
CR8 3PL,RD
CR8 3PJ,RD
CR8 3PH,RD
CR8 3PG,RD
CR8 3PF,RD
CR8 3PE,RD
CR8 3PD,RD
CR8 3PB,RD
CR8 3JJ,RD
CR8 3JF,RD
CR8 3JD,RD
CR8 2JW,RD
CR8 2JT,RD
CR8 2JS,RD
CR8 2JJ,RD
CR8 2JG,RD
CR8 2JF,RD
CR8 2JE,RD
CR8 2JD,RD
CR8 2FA,RD
CR2 6DH,RD
